Year,,2001,2002,2003,2004,2005,2006,2007,2008,2009,2010,2011,2012,2013,2014,2015,2016,2017,2018
AUS: Australia,,..,..,..,..,..,..,..,..,..,..,..,..,..,..,..,..,..,..
  AUS01: Greater Sydney,,4102580,4135637,4162593,4184763,4217563,4256161,4325525,4409562,4492380,4555516,4608949,4677196,4757364,4841349,4930189,5024923,5136919,5230330
  AUS02: Greater Melbourne,,3500249,3545579,3594031,3641951,3697372,3760760,3841760,3931438,4031787,4105857,4169366,4265843,4370067,4476030,4586012,4714387,4843928,4963349
  AUS03: Greater Brisbane,,1693556,1735730,1780650,1823496,1866210,1908265,1958907,2012204,2068479,2108348,2147436,2196288,2241944,2281740,2318653,2362672,2412517,2462637
  AUS04: Greater Perth,,1455361,1474536,1496016,1520232,1544977,1576912,1628467,1682860,1739342,1781132,1833567,1892862,1943855,1973923,1998937,2019263,2037902,2059484
  AUS05: Greater Adelaide,,1148006,1154981,1162250,1168541,1177345,1189243,1204210,1219523,1237354,1253097,1264091,1277850,1289696,1302079,1313419,1324057,1334438,1345777
  AUS06: Gold Coast,,390177,405477,422113,435960,448933,462573,479818,494599,509133,519630,528766,542072,554567,564952,576016,589933,606073,622048
  AUS07: Canberra,,321538,324627,327357,328940,331399,335170,342644,348368,354785,361766,367985,376539,383257,388799,395813,403104,412025,420960
  AUS08: Newcastle,,400509,404000,407476,410167,412756,414592,418949,423741,428766,433597,438522,442072,445887,449806,452929,456395,460759,465826
  AUS10: Wollongong,,252537,254785,256147,256712,257196,257646,260133,263853,267219,270661,272923,274564,277146,279901,282672,285688,289465,293502
  AUS11: Sunshine Coast,,166852,172747,180631,187884,193588,198833,204213,210125,215649,219457,222596,228665,234465,239902,245438,251544,258093,264850
  AUS14: Geelong,,222969,226737,229493,231658,233794,236055,239456,243415,247731,252091,256580,261251,266726,272154,278436,286384,293975,301821
AUT: Austria,,..,..,..,..,..,..,..,..,..,..,..,..,..,..,..,..,..,..
  AT001: Vienna,,2503644,2525814,2552321,2576780,2603478,2623264,2643051,2662837,2682624,2702410,2730907,2759405,2787902,2816400,2844897,2885664,2926430,2967197
  AT002: Graz,,565223,573498,577179,581165,583177,587447,591717,595987,600257,604527,609897,615267,620636,626006,631376,638469,645561,652654
  AT003: Linz,,591757,593916,597070,599963,598854,600925,602996,605068,607139,609210,612680,616151,619621,623092,626562,632757,638952,645147
  AT004: Salzburg,,340368,342535,342693,344803,344070,345308,346546,347785,349023,350261,352505,354748,356992,359235,361479,365407,369334,373262
  AT005: Innsbruck,,303431,305413,306793,308910,310318,312417,314516,316615,318714,320813,324321,327829,331336,334844,338352,342640,346927,351215
  AT006: Klagenfurt,,248731,249022,248603,248458,246261,246719,247178,247636,248095,248553,249210,249867,250525,251182,251839,252919,253999,255079
BEL: Belgium,,..,..,..,..,..,..,..,..,..,..,..,..,..,..,..,..,..,..
  BE001: Brussels,,2258750,2280153,2300550,2315983,2332077,2353227,2377347,2403958,2435036,2468014,2510626,2541629,2567078,2584902,2605984,2628971,2642621,2659855
  BE002: Antwerp,,991255,995233,1000589,1004980,1009456,1015601,1022230,1030440,1039338,1047451,1060675,1072781,1080294,1085638,1091186,1097788,1104478,1110442
  BE003: Gent,,535173,537001,539025,541163,544046,548151,551755,556367,561179,566825,573077,575823,577784,581421,585527,590808,594856,598139
  BE004: Charleroi,,474341,474778,474802,475259,476392,476861,477951,478922,480551,482016,484268,485830,487067,487106,487909,487979,487730,488522
  BE005: Liege,,696639,698531,698656,700952,703215,706406,710819,714473,718414,723312,729740,733920,737269,740290,742276,745146,747802,749534
CAN: Canada,,..,..,..,..,..,..,..,..,..,..,..,..,..,..,..,..,..,..
  CAN01: Toronto,,5467380,5621891,5776401,5930912,6085422,6239933,6328403,6422259,6515751,6617633,6712184,6807189,6895647,6970817,7026425,7120321,7225930,7363757
  CAN02: Montreal,,3819791,3860452,3893676,3926707,3957930,4009368,4046886,4088679,4140483,4191034,4235177,4275597,4312360,4341309,4359727,4393811,4447205,4514487
  CAN03: Vancouver,,1982265,2022517,2062769,2103020,2143272,2183524,2211838,2248305,2295842,2338763,2369294,2413301,2453584,2501415,2538348,2575988,2606470,2645597
  CAN04: Ottawa,,974495,1041428,1108361,1175293,1242226,1309159,1324809,1345197,1366859,1390939,1412217,1427568,1440894,1453700,1464997,1486404,1510800,1538582
  CAN05: Calgary,,1037040,1075355,1113669,1151984,1190298,1228613,1263822,1299931,1336732,1359701,1384554,1423786,1470901,1514984,1544221,1570523,1592332,1617600
  CAN06: Edmonton,,968780,996421,1024063,1051704,1079346,1106987,1137407,1165037,1196420,1216902,1238671,1267176,1305412,1345705,1372203,1398763,1424109,1449303
  CAN07: Quebec,,774533,779328,783256,789149,793073,801963,811252,822190,833604,845344,856336,863089,869847,875751,881171,887952,894137,901236
  CAN08: Winnipeg,,736910,745978,755045,764113,773180,782248,786092,790057,797283,804582,814645,826551,836698,847161,857182,873361,890311,904782
  CAN09: Hamilton,,567570,575857,584144,592430,600717,609004,609533,612018,614731,618262,621450,624954,628776,632373,636152,642171,650839,660056
  CAN10: London,,497415,506525,515635,524746,533856,542966,545423,548547,550201,553256,555950,559060,561208,564150,568022,576626,588490,602074
  CAN11: Kitchener,,462665,474800,486936,499071,511207,523342,527980,533234,537356,542663,548554,553695,558510,562679,567545,579198,591364,606459
  CAN12: Halifax,,411780,417317,422853,428390,433926,439463,441306,444799,448725,453791,457698,460144,461212,462419,463326,469268,477365,486172
  CAN13: Victoria,,326220,332071,337922,343772,349623,355474,357565,360330,364339,367855,368581,375308,381882,387746,393977,402596,408359,414203
  CAN14: Windsor,,347620,353875,360131,366386,372642,378897,377782,374698,370748,370422,370377,372117,376062,377605,378959,383307,386532,392964
  CAN15: Saskatoon,,220510,223358,226206,229053,231901,234749,238771,243924,250176,256677,263319,271803,278517,284553,289473,297391,305147,312202
  CAN16: Sherbrooke,,226709,228469,230472,232501,234389,238821,240679,242552,245149,247939,250738,252724,254476,255884,256821,259381,261492,264322
CHE: Switzerland,,..,..,..,..,..,..,..,..,..,..,..,..,..,..,..,..,..,..
  CH001: Zurich,,1101661,1115656,1128698,1136748,1147434,1157224,1167685,1188573,1211302,1249750,1266313,1280944,1296646,1315669,1334269,1337344,1352066,1344995
  CH002: Geneva,,473824,479890,485644,491754,496101,500103,503643,509675,519365,544772,549411,552305,560285,570222,579227,585400,592060,597269
  CH003: Basel,,495964,496947,499411,501069,502336,502228,502853,505713,509863,521229,523992,527225,532185,537051,541011,545326,547761,550152
  CH004: Bern,,..,..,..,..,..,..,..,..,..,384339,393664,398388,403393,407144,411198,415784,418525,419983
  CH005: Lausanne,,320445,323493,326632,330808,335094,338571,342744,347869,356254,361695,377986,387296,397538,402874,409290,412781,417910,421749
CHL: Chile,,..,..,..,..,..,..,..,..,..,..,..,..,..,..,..,..,..,..
  CL004: Antofagasta,,..,307809,312798,317652,322413,327263,332305,337577,343147,348840,354659,360573,366438,372325,378244,384065,389812,395453
  CL006: Coquimbo-La Serena,,..,345626,353074,360600,368388,376469,384806,393623,402751,412070,421563,431101,440648,450192,459796,469308,478829,488323
  CL010: Valparaiso,,..,889862,900159,909867,919571,929152,938638,948451,958636,968906,979114,989377,999529,1009626,1019613,1029371,1038998,1048460
  CL011: Santiago,,..,6285273,6356534,6425332,6494536,6565792,6640697,6720663,6804444,6887859,6971899,7057491,7142893,7228581,7314176,7399042,7482635,7564857
  CL014: Rancagua,,..,309290,312840,316359,319832,323176,326588,330161,333849,337533,341069,344422,347694,350957,354123,357125,360086,362740
  CL017: Talca,,..,226588,230254,233936,237712,241593,245549,249733,254156,258586,263143,267852,272582,277536,282673,287998,293464,299165
  CL020: Concepcion,,..,871836,880965,889831,898533,907610,916801,926234,935855,945449,955093,964508,973720,983050,992527,1001946,1011264,1020420
  CL022: Temuco,,..,371922,377385,382588,387754,392731,397842,402977,408231,413425,418598,423812,429005,434168,439322,444512,449642,454689
  CL023: Valdivia,,..,268723,270594,272545,274614,276935,279489,282194,284950,287666,290341,292945,295474,298076,300700,303329,305887,308414
  CL025: Puerto Montt,,..,333288,339458,345385,351115,356653,362158,369142,374588,379946,384840,389716,394444,399254,404017,408837,413556,418169
COL: Colombia,,..,..,..,..,..,..,..,..,..,..,..,..,..,..,..,..,..,..
  COL01: Bogota D.C.,,7068731,7200397,7330177,7458429,7585390,7710374,7834812,7959098,8083200,8207032,8330941,8454461,8577591,8700259,8822522,8944141,9065428,9186394
  COL02: Medellin,,3063670,3115317,3166022,3215712,3264061,3310306,3357761,3405015,3451920,3498683,3545109,3591147,3636879,3682173,3726957,3771054,3814548,3857334
  COL03: Cali,,2257309,2287397,2317769,2348402,2379173,2409814,2440348,2470898,2501525,2532281,2563198,2594241,2625441,2656763,2688243,2719836,2751628,2783648
  COL04: Barranquilla,,1834105,1861950,1889981,1918118,1946276,1974257,2002165,2030024,2057901,2085707,2113510,2141185,2168747,2196075,2223196,2250086,2276743,2303091
  COL05: Cartagena,,1030725,1042740,1054197,1065711,1077486,1089628,1102327,1115479,1129061,1142928,1157211,1171751,1186427,1201261,1216143,1231171,1246081,1260779
  COL06: Bucaramanga,,979318,991491,1002870,1013773,1024325,1034782,1044995,1055099,1065041,1074918,1084699,1094390,1103989,1113522,1122945,1132339,1141671,1150993
  COL07: Cucuta,,692779,702004,711112,720154,729147,737996,746856,755741,764697,773768,782966,792238,801578,810990,820428,829935,839392,848723
  COL08: Pereira,,603539,608097,612868,617771,622724,627556,632328,636991,641622,646189,650737,655233,659695,664111,668489,672832,677130,681375
  COL09: Ibague,,471515,478550,485362,491882,498130,504054,509796,515424,520989,526527,532020,537467,542876,548209,553524,558805,564076,569336
  COL10: Manizales,,412177,416155,419758,423068,426118,428936,431654,434333,436980,439610,442204,444782,447344,449855,452378,454849,457311,459734
  COL11: Santa Marta,,392368,397950,403567,409374,415404,421603,428018,434539,441198,447963,454860,461900,469066,476385,483865,491535,499391,507455
  COL12: Pasto,,357314,363393,369901,376236,382422,388354,394254,400055,405882,411697,417484,423217,428890,434486,439993,445409,450645,455678
  COL13: Armenia,,372844,375118,377397,379719,382044,384301,386540,388767,390985,393204,395412,397610,399817,401986,404183,406329,408491,410658
  COL14: Villavicencio,,340626,350556,360476,370383,380328,390384,400537,410791,421125,431521,441996,452522,463121,473766,484471,495227,506012,516831
  COL15: Monteria,,356903,362293,367732,373327,379094,385013,391046,397152,403320,409542,415852,422198,428579,434950,441301,447668,453931,460082
  COL16: Valledupar,,317489,326491,335663,345044,354582,364298,374014,383795,393592,403444,413341,423278,433242,443210,453215,463219,473251,483286
  COL17: Buenaventura,,301674,308388,315114,321931,328753,335549,342273,349020,355829,362764,369868,377105,384504,392054,399764,407675,415770,424047
  COL18: Neiva,,303279,306467,309633,312824,315999,319123,322102,324993,327768,330436,333030,335490,337848,340046,342117,344026,345806,347438
  COL19: Palmira,,274059,276922,279602,282062,284319,286382,288419,290453,292508,294570,296619,298671,300707,302727,304735,306706,308669,310594
  COL20: Popayan,,250878,252830,254516,255998,257405,258707,260233,261912,263800,265839,268036,270340,272709,275129,277540,280054,282453,284737
  COL21: Sincelejo,,223036,226657,230258,233928,237639,241363,245090,248794,252525,256255,260010,263776,267571,271375,275207,279031,282868,286749
  COL25: Riohacha,,134589,142389,150603,159131,167886,176709,185687,194731,203875,213091,222354,231653,240951,250236,259492,268712,277868,286973
CZE: Czech Republic,,..,..,..,..,..,..,..,..,..,..,..,..,..,..,..,..,..,..
  CZ001: Prague,,1934890,1923855,1926608,1932727,1940917,1958957,1974602,2014260,2052682,2077809,2095918,2113295,2126885,2130450,2155133,2171369,2192648,2216038
  CZ002: Brno,,704672,702903,701636,702527,703380,703901,705768,711286,716036,719639,722375,724034,725481,726364,728079,729428,731768,734493
  CZ003: Ostrava,,755226,752391,749866,747866,745676,743581,742112,741951,741707,739647,736979,734532,732138,729291,726814,724206,722159,719777
  CZ004: Plzen,,330835,330047,329838,330214,329845,330912,332647,336531,341643,342978,343120,343392,343979,344449,345442,346339,347548,348862
DEU: Germany,,..,..,..,..,..,..,..,..,..,..,..,..,..,..,..,..,..,..
  DE001: Berlin,,4933447,4950137,4960704,4964021,4970108,4983605,4995042,5008954,5024042,5034992,4848058,4896921,4950452,5003978,5065111,5141777,5206635,5259363
  DE002: Hamburg,,3069284,3092949,3104997,3117117,3124711,3139426,3154342,3174549,3177271,3182248,3102843,3120321,3142296,3163870,3191817,3232955,3271830,3309215
  DE003: Munich,,2445842,2482844,2501418,2521156,2531536,2551565,2593534,2623069,2644632,2654548,2649691,2689977,2730429,2768311,2803815,2848720,2878919,2883373
  DE004: Cologne,,1852786,1861620,1865784,1865956,1871456,1884408,1890786,1897176,1896319,1897820,1889129,1901537,1914967,1927913,1945028,1971296,1985745,1994524
  DE005: Frankfurt am Main,,2492980,2497636,2508316,2507606,2516030,2519404,2516006,2524097,2530428,2538050,2502174,2523357,2545599,2572178,2605253,2648379,2669735,2693115
  DE007: Stuttgart,,2612650,2633425,2648863,2656682,2662914,2667019,2668085,2671770,2673779,2672715,2612595,2626127,2646392,2667692,2693256,2734661,2757160,2778591
  DE008: Leipzig,,1013629,1008682,1005460,1004437,1001662,1001364,1000436,999071,998532,997063,966285,970882,978526,986356,999019,1016335,1027332,1037782
  DE009: Dresden,,1389401,1379574,1372078,1367804,1365006,1364569,1364144,1357856,1353198,1350288,1323240,1323778,1326531,1328644,1332462,1342639,1341704,1341986
  DE011: Dusseldorf,,1523811,1528323,1529903,1528805,1527840,1527538,1528484,1530458,1529783,1528518,1504167,1508040,1513040,1518664,1527552,1548250,1548251,1552097
  DE012: Bremen,,1228246,1233683,1238136,1242353,1245121,1245839,1245896,1245381,1242956,1241065,1228478,1227952,1230253,1233003,1239977,1254966,1265415,1274611
  DE013: Hanover,,1282694,1287166,1291206,1291579,1293025,1292673,1292455,1292790,1291352,1290590,1258206,1261870,1267340,1273745,1282494,1299281,1304898,1310558
  DE014: Nuremberg,,1271301,1279314,1283779,1285960,1288178,1292639,1294885,1298063,1298394,1297755,1270976,1280232,1290323,1298184,1304811,1323484,1332405,1340886
  DE017: Bielefeld,,319669,321274,322706,326320,325883,324803,323731,322803,321514,320987,324979,325075,326183,326729,327641,330928,331286,332552
  DE018: Halle an der Saale,,464905,458644,452716,451334,448021,444982,441558,437978,433984,431049,421964,420954,420372,418973,418700,423142,423676,424667
  DE019: Magdeburg,,537335,533648,529693,526298,522530,521480,518622,515161,510906,508383,498915,497222,496163,495568,496364,500757,502305,501562
  DE020: Wiesbaden,,453395,454682,455927,456188,458328,458538,458535,458687,458911,459476,447395,450190,452272,453785,455956,459057,462011,465256
  DE021: Gottingen,,501013,498965,497352,495172,493153,489768,487032,484676,480656,477169,462381,459838,457778,456405,457039,463536,459788,461082
  DE025: Darmstadt,,425022,426920,428676,429877,430993,430854,430892,431262,431011,432250,423837,429310,432338,435150,439845,448126,452181,454302
  DE026: Trier,,236864,238067,238918,239313,239635,239641,243655,244774,245727,245962,247964,248692,250358,251502,253642,262857,257904,258545
  DE027: Freiburg im Breisgau,,597043,604271,610063,614638,618448,622210,624806,627223,627445,630114,610921,617375,623134,628581,634641,645798,651237,656753
  DE028: Regensburg,,411255,416211,419467,421800,423257,425282,426649,428295,429447,430323,429798,432686,436617,441466,445968,453792,459060,464213
  DE031: Schwerin,,341389,338850,336129,333286,330115,327428,324482,321529,318065,315086,306239,304549,303283,303194,304413,310532,307858,308319
  DE032: Erfurt,,552369,549173,546901,545296,543485,540724,537252,534286,531396,529423,520374,519854,519633,520060,521269,527401,526059,527366
  DE033: Augsburg,,614633,620839,624710,626768,629104,631468,631041,631718,631289,631368,630339,633927,638919,645853,653067,662855,668486,675285
  DE034: Bonn,,879847,889672,898422,905069,909105,911274,913700,916052,916765,918837,882956,887739,891072,894182,900355,915640,920598,924546
  DE035: Karlsruhe,,698175,702590,707163,709805,712537,714929,716739,720495,722174,723621,712910,716558,723189,728338,731416,743648,750386,754592
  DE036: Monchengladbach,,262522,262476,262618,261909,261487,260966,260474,259547,258382,257787,255214,254378,254633,254978,256397,259540,260456,262188
  DE037: Mainz,,380503,384850,387332,387850,389684,398369,400875,403080,402543,402870,403680,405714,408438,411075,414989,422027,426229,424895
  DE038: Ruhr,,5354869,5342810,5328072,5312300,5297925,5274461,5253029,5229432,5198972,5168375,5066638,5051653,5043167,5041716,5050578,5105158,5114590,5113487
  DE039: Kiel,,631016,632910,635698,636589,637277,638480,638857,640126,639189,638776,628407,629072,629959,631538,633900,640186,643658,649807
  DE040: Saarbrucken,,866886,864559,863039,859764,854841,849452,843410,837367,832153,825723,807175,804064,801201,798590,797352,802268,803846,802664
  DE042: Koblenz,,316397,317711,318575,318495,318649,317826,316794,316697,316056,315183,316027,315829,317405,318001,319431,322042,324081,327398
  DE043: Rostock,,429587,427324,425762,424941,424625,423343,422086,420290,418785,417251,412043,412117,412054,412418,414471,417896,419860,423044
  DE044: Kaiserslautern,,288531,288448,287642,286707,285919,284031,282134,280438,278532,278648,275207,274247,273237,272293,272468,274398,275619,276097
  DE045: Iserlohn,,458146,457757,456840,454454,452094,449469,445710,442369,438447,434691,425672,423232,420591,416856,414440,416800,415511,413383
  DE052: Flensburg,,281255,282088,283146,284121,284973,284964,285109,286108,286584,286146,277741,277750,277605,278337,279516,282005,285334,288022
  DE054: Constance,,263788,266440,268931,270510,271630,272220,272280,272644,273754,275057,264246,265849,268133,270947,273303,277766,279652,284015
  DE057: Giessen,,254049,254794,255832,256549,256706,256354,256381,256230,255750,256213,252069,253032,253484,254262,260276,262950,266146,267056
  DE061: Aschaffenburg,,372930,374469,375276,375531,375814,375153,374060,373277,372261,370917,368875,368099,368355,368699,369038,371282,371389,372381
  DE064: Neubrandenburg,,306599,302702,298758,295311,291815,288561,285050,280936,276761,273398,268728,266568,264236,262388,261709,262493,261792,260574
  DE069: Rosenheim,,295343,299370,302502,303655,305192,307235,307175,308673,308931,309648,303126,304759,307020,310226,312690,317869,320088,322529
  DE073: Offenburg,,408338,411704,413222,414506,415619,416624,417186,417967,417825,417478,410233,410612,411903,412881,415843,420312,423566,425932
  DE074: Gorlitz,,322808,315841,310745,306238,302381,297638,292709,288612,284678,280972,271137,267750,264615,262112,260135,259943,258283,256587
  DE077: Schweinfurt,,279926,280643,280623,279885,279159,277892,276119,274794,273110,271605,269302,268480,267798,267443,267977,269606,270365,271807
  DE079: Wetzlar,,262397,262580,262390,261766,260946,260054,258903,257609,256131,254430,253521,252454,251663,250885,250998,252722,253627,254164
  DE083: Braunschweig-Salzgitter Wolfsburg,,1010600,1011549,1012640,1012863,1012275,1008490,1004364,999826,996085,994153,976055,975877,977418,980022,984777,995693,997155,997089
  DE084: Mannheim-Ludwigshafen,,1164879,1168772,1171150,1171809,1172662,1172854,1171297,1172872,1171412,1170040,1134168,1138084,1144493,1150035,1159151,1172753,1177478,1184343
  DE504: Muenster,,479299,482790,486297,488268,489791,490637,492364,493094,493299,494564,496144,507160,510415,513711,516888,527130,529549,532919
  DE507: Aachen,,549017,551763,555001,564200,566001,566434,566809,566903,566459,564294,538407,539574,540877,543094,545675,551919,550475,554068
  DE510: Lubeck,,414709,415947,416867,416968,416544,416947,416250,416312,415168,413857,408038,407702,408650,409840,411813,414858,416554,416902
  DE513: Kassel,,441331,441049,440546,440250,439866,438770,436185,435082,433951,433291,426685,427043,427587,427946,428709,434321,436480,437410
  DE517: Osnabruck,,517413,520065,521433,523557,523887,523262,522359,521721,521521,520569,504271,504930,506068,506616,508212,520481,518876,520514
  DE520: Oldenburg (Oldenburg),,386609,390560,394411,397534,398850,400292,401738,402837,403426,405523,399444,401021,402659,404353,407723,413977,417998,420382
  DE522: Heidelberg,,665112,670133,674014,675440,676745,677823,679693,681140,681751,683569,670724,674443,678446,683949,690268,698956,705149,707346
  DE523: Paderborn,,290935,293595,295543,296329,298299,299327,299747,299455,299481,299714,295049,296211,296729,297278,299660,304926,305788,305362
  DE524: Wurzburg,,508189,510843,513461,514418,515222,514910,515495,515715,512489,510786,498340,497748,497282,497954,498165,501022,503393,504927
  DE527: Bremerhaven,,326604,325865,326393,325819,324606,322923,321327,319303,317696,316294,308839,307390,306902,306603,308060,313258,312887,311126
  DE529: Heilbronn,,439719,443660,446362,447693,449632,450561,450807,451372,451285,450914,437641,439339,441527,443607,448536,456391,460773,465885
  DE532: Ulm,,463065,466692,469751,472228,473566,474483,474847,476019,477060,477410,466868,468611,470607,473991,477931,485294,488530,492771
  DE533: Pforzheim,,310008,311875,313624,314425,314930,315438,315315,314880,315154,314342,305731,306672,308517,310565,313019,318313,320739,322658
  DE534: Ingolstadt,,436057,441566,445461,447961,449861,451424,452757,454834,456537,457220,454194,457869,462941,467564,473172,479905,485169,489298
  DE537: Reutlingen,,277763,278944,280379,281455,281544,281814,281656,281345,280846,280693,273124,273418,274462,275789,277799,281878,283845,285754
  DE540: Siegen,,433560,433528,432898,431789,429846,427882,425662,423437,420168,417362,408460,406276,404846,403363,404223,410056,406982,406768
  DE542: Hildesheim,,292929,293041,292858,292308,291570,290594,289935,288574,286614,284503,278180,276336,275283,274472,274507,277008,277253,276640
  DE544: Zwickau,,378331,374218,370224,366692,363584,359979,355981,351947,347846,344141,335927,332347,329359,326136,324216,323615,321187,319988
  DE546: Wuppertal,,367610,365962,364693,363294,362228,360379,359457,357539,354421,352155,343859,343644,343948,344534,346461,351084,353409,353590
"  DE548: Duren, Stadt",,266631,269123,270512,270971,270944,270517,268967,268776,267666,266703,257223,256663,256789,256525,257208,260936,260186,262889
"  DE549: Bocholt, Stadt",,358866,362121,364148,365958,366735,368387,368774,369468,369595,368939,363786,363377,363104,363555,364473,368939,368500,369718
DNK: Denmark,,..,..,..,..,..,..,..,..,..,..,..,..,..,..,..,..,..,..
  DK001: Copenhagen,,1702866,1709777,1714588,1718278,1722411,1730995,1739578,1748162,1756745,1765329,1785305,1801676,1819597,1838090,1859248,1882687,1902856,1919370
  DK002: Aarhus,,453385,456998,460975,464773,468265,469331,470397,471463,472529,473595,479153,483234,488038,492724,496131,501795,508352,514944
  DK003: Odense,,357211,357557,358295,359720,360951,362364,363776,365189,366601,368014,368570,369297,370465,371957,373810,376496,378691,380516
  DK004: Aalborg,,292224,293425,294024,294940,295014,296213,297412,298611,299810,301009,302650,304418,306511,308581,310738,313978,316037,318312
ESP: Spain,,..,..,..,..,..,..,..,..,..,..,..,..,..,..,..,..,..,..
  ES001: Madrid,,5459714,5621399,5822762,5919630,6090043,6146639,6233949,6440851,6569461,6649559,6687576,6702403,6701979,6661415,6643994,6675302,6717732,6791667
  ES002: Barcelona,,4290155,4379708,4511855,4565085,4658138,4727204,4743135,4813215,4875428,4896269,4912198,4933262,4922465,4907411,4908585,4926338,4957425,4985549
  ES003: Valencia,,1485234,1516931,1557524,1584792,1620671,1654049,1662180,1697110,1722393,1728334,1726086,1731040,1726103,1717694,1717473,1723352,1723935,1733606
  ES004: Seville,,1364946,1376202,1399718,1407777,1426529,1444514,1456716,1478630,1500880,1516323,1527575,1536722,1540296,1540802,1542162,1542237,1543858,1545862
  ES005: Saragossa,,656651,668452,676531,692970,705452,711183,723827,741477,754093,757829,759652,766171,769657,754347,753884,751248,756296,759060
  ES006: Malaga,,709021,718967,743779,753348,775979,791489,800849,818486,829582,837010,845868,850556,856621,851006,853516,855380,858731,862518
  ES007: Murcia,,498935,514266,531844,543565,559789,572944,583847,598035,608485,615870,618723,618973,616420,618398,619519,621113,624658,629612
  ES008: Las Palmas,,598378,607322,617639,617904,622450,622411,625023,631185,634127,637211,637908,636162,637317,636103,633031,632316,630413,632018
  ES009: Valladolid,,389428,393156,398745,402506,406383,411579,413805,420480,424456,425861,427589,428169,427829,426469,424907,424038,422672,422546
  ES010: Palma de Mallorca,,548723,570278,587976,592393,606281,613705,632366,656975,667680,673673,678084,680516,673213,668447,670128,673139,678611,685786
  ES012: Vitoria,,237748,240822,243432,244800,248305,250095,253046,256869,260838,264049,265780,268950,267990,268620,270472,271164,273689,275988
  ES013: Oviedo,,287617,289797,295016,297161,300053,303201,305178,310236,314825,316625,317124,317739,316649,315052,312501,310601,309743,308938
  ES014: Pamplona,,309479,317970,323987,329060,334884,341402,345124,355011,361778,365979,370675,374521,376128,375812,376840,378186,380983,384822
  ES015: Santander,,375755,380137,386542,390860,396908,401758,404879,412264,417961,420733,421296,422357,421363,419644,417201,415371,414375,414739
  ES019: Bilbao,,995577,995924,995728,994800,997383,1000146,1000750,1004430,1009627,1010452,1012058,1013643,1011801,1007639,1004811,1003587,1004144,1005328
  ES020: Cordoba,,343102,344036,347859,349171,350988,353341,354720,357135,360713,361202,361715,362075,361972,361229,360389,359640,358887,358510
  ES021: Alicante,,373826,388297,405397,413562,427217,434505,438430,452462,458843,460651,462281,464061,465750,462130,459387,462008,462694,465782
  ES022: Vigo,,511414,514890,521741,523605,528377,531260,535534,539362,544128,545842,547085,547208,546157,544291,543034,541884,541686,542277
  ES023: Gijon,,294048,294927,295538,295640,299007,299771,299383,301171,303265,303038,303484,303689,301103,301255,299684,298700,297365,296717
  ES025: Santa Cruz de Tenerife,,461617,472148,478717,484296,494093,498233,501718,510111,515146,518526,521149,506612,505386,505312,503471,503499,505160,510019
  ES026: Coruna (A),,374782,381130,387265,389839,394302,397365,401013,405848,410062,412032,413655,414793,415122,413972,413383,413996,415144,417452
  ES501: Granada,,467999,472395,478540,490479,503072,514672,520436,532099,537777,549821,555976,557923,560140,562416,560285,561784,561818,563090
  ES505: Elche/Elx,,217910,222696,229416,232659,240631,246553,251643,259335,261872,263329,263726,264552,264358,260176,258969,258968,259812,262370
  ES510: Donostia-San Sebastian,,323456,324321,324773,325613,326153,327119,327946,330110,332316,333021,334369,335114,335731,336192,336807,337436,338267,339093
  ES532: Algeciras,,260320,260861,262367,262167,263215,264369,263924,264510,265286,264830,265555,264006,260215,262704,262555,262836,262555,261906
  ES533: Marbella,,214958,226114,235440,238879,254758,261670,267880,282102,293248,298589,307024,314326,320753,307964,312833,312572,310111,315209
EST: Estonia,,..,..,..,..,..,..,..,..,..,..,..,..,..,..,..,..,..,..
  EE001: Tallinn,,524972,523588,522252,521410,531712,531556,536229,542983,549454,555672,552927,566741,567967,572103,575601,576265,582556,589610
FIN: Finland,,..,..,..,..,..,..,..,..,..,..,..,..,..,..,..,..,..,..
  FI001: Helsinki,,1246756,1259570,1269774,1278653,1287176,1298515,1312259,1326809,1342717,1357052,1370260,1385238,1401138,1417798,1433823,1448909,1465032,1490142
  FI002: Tampere,,385758,388876,391617,394413,397956,401398,405583,409387,412871,416047,419033,422069,425351,428433,431188,433528,436305,440372
  FI003: Turku,,332498,334126,335372,336470,337437,338805,340445,341520,342964,344256,345943,347456,348734,350180,351552,352740,353648,357758
  FI004: Oulu,,226957,228506,229641,230772,232532,234369,235899,237554,239146,240887,242607,244353,246009,247568,248820,249745,250412,258241
FRA: France,,..,..,..,..,..,..,..,..,..,..,..,..,..,..,..,..,..,..
  FR001: Paris,,11765149,11851164,11938916,12022161,12117527,12211231,12280879,12344224,12415961,12476859,12545389,12594393,12658964,12729274,12785940,12821812,12879557,12914803
  FR003: Lyon,,1814485,1830166,1845701,1861004,1878061,1895101,1905058,1920699,1940729,1959517,1980076,2000968,2020127,2043415,2064664,2079400,2088321,2100064
  FR004: Toulouse,,1125170,1145253,1165380,1186060,1207397,1228331,1245552,1260318,1274082,1286784,1303102,1321541,1340455,1358941,1375870,1388254,1402232,1414411
  FR006: Strasbourg,,743992,749562,754982,760258,765900,771520,775681,780100,782546,783597,785999,789860,793285,795688,798433,801830,804797,806685
  FR007: Bordeaux,,1037066,1049240,1061603,1073800,1087023,1099465,1111765,1121183,1131742,1143253,1154617,1170426,1187622,1203782,1221485,1235829,1248992,1262357
  FR008: Nantes,,812790,822780,833064,843097,853853,864566,873492,879873,887245,898241,908266,920143,930857,943436,956471,967395,977233,987264
  FR009: Lille,,1474327,1475704,1476702,1477385,1479083,1479952,1480083,1480336,1484168,1486726,1488139,1492387,1496959,1501788,1502728,1501760,1501858,1499195
  FR010: Montpellier,,572535,582134,591987,601675,612001,621886,628202,633531,641088,648905,659747,669414,678533,687855,695765,703375,711051,717631
  FR011: Saint-Etienne,,462547,463810,464921,466071,467573,468949,468762,469819,472390,474190,474405,477280,479086,479491,480797,482355,482895,483201
  FR012: Le Havre,,..,..,..,..,..,..,..,..,..,..,..,..,..,..,..,..,..,..
  FR013: Rennes,,576498,583960,591403,598902,606681,614455,620948,628576,634982,641927,647318,654764,662572,670576,677488,683269,688739,693592
  FR014: Amiens,,329837,330723,331343,331918,332676,333329,334269,335551,336545,337114,337394,337368,337682,337671,337820,338327,338149,337804
  FR016: Nancy,,493826,495089,496075,496826,498240,499272,500160,502337,503196,504006,504629,504723,503172,503946,505474,505067,504819,504287
  FR017: Metz,,..,..,..,..,..,..,..,..,..,..,..,..,..,..,..,..,..,..
  FR018: Reims,,345760,345837,345780,345533,345553,345565,345833,345560,345574,345158,345830,346908,347320,347603,348111,347022,345731,344405
  FR019: Orleans,,402393,404832,407342,409686,412528,415181,416725,418618,420377,422094,424306,426003,428054,430694,432902,433494,435784,436689
  FR020: Dijon,,389225,390354,391415,392504,393880,394898,396405,398283,400212,400373,401567,402687,404478,405707,407046,407092,407545,407381
  FR021: Poitiers,,254117,255925,257749,259375,261339,263240,265399,266948,268025,268734,269523,270511,271285,272515,273574,274317,274825,275096
  FR022: Clermont-Ferrand,,466494,468681,470726,472840,475231,477446,479878,481292,482005,484222,486640,488649,490875,493338,495854,498304,500633,502314
  FR023: Caen,,411214,413416,415494,417549,419710,421683,423137,425988,427686,429066,430420,432049,433362,434445,435644,435707,435910,435452
  FR024: Limoges,,311154,312765,314295,315835,317883,319863,323296,325763,326552,327716,327597,327428,327413,327709,327357,326642,326158,325148
  FR025: Besancon,,..,..,..,..,..,..,..,..,..,..,..,..,..,..,..,..,..,..
  FR026: Grenoble,,587547,593443,599192,604904,611238,617356,622223,627476,631900,636825,641491,646654,652144,656478,660416,661393,664460,665858
  FR028: Saint Denis,,..,..,..,..,..,..,..,..,..,..,..,..,..,..,..,..,..,..
  FR030: Fort-de-France,,331694,334063,336100,337967,339795,341297,341295,341263,340157,338243,336628,333258,330844,329437,326833,323060,319726,315826
  FR032: Toulon,,469283,475688,482143,488499,495445,501926,507447,510237,513238,513687,516010,520560,524081,528988,534307,537960,539448,542128
  FR034: Valenciennes,,..,..,..,..,..,..,..,..,..,..,..,..,..,..,..,..,..,..
  FR035: Tours,,471529,474667,477927,480859,484314,487629,489960,491910,494442,496203,498865,501599,504385,507470,508346,509402,509644,509363
  FR036: Angers,,380652,383225,385595,387926,390632,393264,395376,397452,400149,402575,405413,408087,410464,413387,415591,415975,417288,417774
  FR037: Brest,,..,..,..,..,..,..,..,..,..,..,..,..,..,..,..,..,..,..
  FR038: Le Mans,,344594,346884,349016,351094,353535,355731,357956,359653,360594,362180,363594,364663,365726,365549,365346,364778,364100,362742
  FR039: Avignon,,..,..,..,..,..,..,..,..,..,..,..,..,..,..,..,..,..,..
  FR040: Mulhouse,,372059,374238,376283,378459,380730,382931,386015,387915,389236,389845,391546,392663,394492,395225,396509,396578,397239,397249
  FR042: Dunkerque,,..,..,..,..,..,..,..,..,..,..,..,..,..,..,..,..,..,..
  FR043: Perpignan,,342308,347319,352449,357442,362711,367908,372203,375804,379638,381897,385292,389773,393955,397039,401050,403886,403957,405400
  FR044: Nimes,,..,..,..,..,..,..,..,..,..,..,..,..,..,..,..,..,..,..
  FR045: Pau,,..,..,..,..,..,..,..,..,..,..,..,..,..,..,..,..,..,..
  FR046: Bayonne,,..,..,..,..,..,..,..,..,..,..,..,..,..,..,..,..,..,..
  FR048: Annecy,,..,..,..,..,..,..,..,..,..,..,..,..,..,..,..,..,..,..
  FR202: Aix-en-Provence,,..,..,..,..,..,..,..,..,..,..,..,..,..,..,..,..,..,..
  FR203: Marseille,,1155184,1164837,1174292,1183328,1193476,1203273,1216636,1221078,1222004,1224899,1227371,1232992,1238272,1246351,1253024,1255083,1257857,1260223
  FR205: Nice,,951139,959384,967950,976138,985777,994818,1003469,1005352,1000600,1000280,1002646,1003500,1002489,1004966,1004352,1005623,1005321,1004236
  FR207: Lens - Lievin,,..,..,..,..,..,..,..,..,..,..,..,..,..,..,..,..,..,..
  FR214: Valence,,..,..,..,..,..,..,..,..,..,..,..,..,..,..,..,..,..,..
  FR215: Rouen,,..,..,..,..,..,..,..,..,..,..,..,..,..,..,..,..,..,..
  FR520: Les Abymes,,269888,272038,273895,275930,278033,279761,280205,281564,281666,282921,283351,276487,275641,274118,273098,270694,268005,265080
GBR: United Kingdom,,..,..,..,..,..,..,..,..,..,..,..,..,..,..,..,..,..,..
  UK001: London,,10420794,10503319,10551253,10592468,10672824,10780656,10897170,11036646,11191850,11346308,11507490,11658217,11792740,11941294,12098303,12242903,12348071,12434823
  UK002: West Midlands urban area,,2801660,2807279,2819939,2833129,2850084,2868343,2885402,2906619,2929058,2950993,2975129,2996971,3014717,3033151,3053736,3079589,3106468,3097965
  UK003: Leeds,,2363249,2375275,2386586,2400824,2422515,2442385,2457476,2474828,2490529,2505317,2521402,2536371,2548871,2559891,2573745,2591561,2607647,2619128
  UK004: Glasgow,,1753707,1752702,1749532,1746688,1746973,1748582,1753189,1760652,1768415,1776047,1784745,1790384,1791967,1795686,1802491,1813517,1825003,1830710
  UK006: Liverpool,,1473934,1470689,1470922,1472508,1474851,1476543,1477358,1478936,1482091,1486815,1492717,1499046,1503675,1508178,1515698,1525392,1534053,1533860
  UK007: Edinburgh,,777834,779421,779286,780284,784473,790076,797170,805128,812655,820971,831020,840174,846725,853910,862957,873886,884720,893610
  UK008: Manchester,,3016541,3020948,3034093,3049607,3064732,3083897,3104348,3126382,3149079,3171370,3195884,3217506,3233153,3249205,3271247,3298555,3323325,3348274
  UK009: Cardiff,,831957,832441,835147,839727,845674,850715,856530,863320,869882,875183,879831,884691,889314,893627,897403,901987,907218,915466
  UK010: Sheffield,,1074262,1076070,1080106,1085412,1092978,1099884,1105109,1111579,1118965,1126714,1135815,1144536,1150929,1156603,1163892,1172257,1179875,1189393
  UK011: Bristol,,831067,833031,836254,841914,851952,861528,868285,874738,880477,886897,894101,902435,912176,922189,933282,944825,953651,955541
  UK012: Belfast,,729819,729620,730642,731562,733998,737742,742286,747869,753752,758879,762539,764158,766349,769521,774140,778129,781254,787135
  UK013: Newcastle upon Tyne,,1106157,1106837,1108369,1108775,1110896,1114234,1118035,1122475,1126624,1132156,1138232,1142649,1146559,1151019,1154653,1159210,1164753,1175274
  UK014: Leicester,,757294,761579,767727,775235,784442,793700,802546,810919,818069,825488,833797,840804,846948,854439,863945,874808,886211,896515
  UK016: Aberdeen,,437072,436659,437501,438989,441831,445964,451233,456217,460802,465907,470916,475550,479891,484355,488058,489349,488504,489815
  UK017: Cambridge,,323428,325636,329745,334292,338656,342877,345999,349485,352963,357077,361780,364996,366920,369635,373327,376081,378042,371561
  UK018: Exeter,,426288,429050,431629,434326,437824,441092,444334,447458,448875,450079,452120,454898,457955,461497,465853,470158,474629,486263
  UK019: Lincoln,,..,..,..,..,..,..,..,..,..,..,..,..,..,..,..,..,..,308951
  UK023: Portsmouth,,483957,484861,486773,490038,493818,496559,498176,500714,504761,510125,515714,519816,522417,525314,529087,533346,537300,542040
  UK025: Coventry,,635238,637490,639334,640390,642091,646502,651578,657507,663032,667870,674080,680879,687614,695257,705042,716275,727294,740403
  UK026: Kingston upon Hull,,563752,565883,569731,574757,579719,582685,584790,587350,588449,588726,589701,591328,592551,593412,594455,596029,597731,599497
  UK027: Stoke-on-Trent,,441869,441557,442366,443982,445630,447715,450112,452679,454774,456614,459058,461109,462754,464321,465742,467907,470784,483279
  UK029: Nottingham,,807799,810619,815937,821807,828577,833832,837388,842083,848292,855406,862291,868973,875676,882530,889745,897774,906418,919484
  UK030: Wirral,,315754,315012,315206,315235,315017,315122,315496,316181,317235,318417,319450,320117,320533,321087,321591,321969,322514,322947
  UK033: Guildford,,..,..,..,..,..,..,..,..,..,..,..,..,..,..,..,..,..,273143
  UK506: Doncaster,,..,..,..,..,..,..,..,..,..,..,..,..,..,..,..,..,..,..
  UK510: Sunderland,,285160,283804,282261,280796,279633,278775,278085,277306,276492,276083,275647,275547,275944,276432,276818,277075,277283,277643
  UK513: Medway,,245463,246332,247043,247639,248102,249083,250929,253269,255430,257654,259955,262631,265493,267996,270205,272060,273245,275653
  UK515: Brighton and Hove,,398649,399876,400913,402081,404617,408410,412155,416526,420980,425463,430133,434398,438171,442033,446558,451228,454433,455571
  UK516: Plymouth,,372659,373899,375921,377487,380629,384220,387071,389691,391072,392300,394685,397305,399250,401723,404478,406718,408943,404294
  UK517: Swansea,,357799,358323,360826,363656,365991,368166,370845,373558,375741,377702,379740,381284,382313,383554,385381,387979,390362,388471
  UK518: Derby,,443609,445265,447363,449562,452375,455344,458327,461659,465044,468702,472132,474868,477124,479209,481533,484408,487464,486831
  UK520: Southampton,,610274,613060,615823,618914,622922,626599,629768,633742,637836,642943,648662,653933,658676,663424,669337,676021,681456,687971
  UK525: Milton Keynes,,209882,212474,214901,217115,220027,223860,227625,231785,236340,241216,246034,249684,252919,256617,260007,262979,265130,268107
  UK528: Northampton,,413482,417023,420638,423330,426954,432554,437899,441962,445403,448485,451588,455150,458705,462781,468129,474231,479896,479953
  UK539: Bournemouth,,468628,471203,473343,474184,476542,480053,484914,490194,493808,498943,505501,510495,513744,516782,520095,523564,526551,532293
  UK546: Colchester,,282660,284662,286498,288746,291633,294546,296877,299220,300765,302261,304240,306291,308609,311430,315096,318687,321758,336565
  UK550: Dundee City,,254648,253484,252958,253000,254078,255377,256531,257996,259369,260710,262424,263701,264189,264624,264975,264950,264878,264890
  UK552: Reading,,..,..,..,..,..,..,..,..,..,..,..,..,..,..,..,..,..,329619
  UK553: Blackpool,,..,..,..,..,..,..,..,..,..,..,..,..,..,..,..,..,..,329729
  UK557: Blackburn with Darwen,,275663,276469,277617,278924,280095,281445,282837,284005,285293,286492,287552,288249,288382,288349,288786,289874,290920,289250
  UK559: Middlesbrough,,553406,553267,552824,552587,552595,552969,553245,553728,554036,554481,555878,557287,558563,559900,561030,562770,564701,566934
  UK560: Oxford,,473996,474938,478352,482626,487127,491205,494151,497229,500356,504226,508784,513186,516773,520438,524186,527755,531217,544849
  UK562: Preston,,235355,236140,238004,240209,242065,243713,245257,246199,246557,247165,248332,249174,249423,249774,250743,252016,253220,252046
  UK566: Norwich,,357858,360173,362652,365440,368480,371536,374008,376606,379332,382415,385600,388415,391168,394120,397485,401143,404754,406489
  UK568: Cheshire West and Chester,,467715,469018,470374,472099,473772,475649,477540,478939,479677,480349,481202,482133,483252,484664,486230,488038,490376,494618
  UK569: Ipswich,,..,..,..,..,..,..,..,..,..,..,..,..,..,..,..,..,..,358581
GRC: Greece,,..,..,..,..,..,..,..,..,..,..,..,..,..,..,..,..,..,..
  EL001: Athens,,3701235,3697656,3718050,3734447,3750031,3766622,3776114,3782682,3789815,3791927,3781434,3751263,3699957,3650481,3609399,3567844,3558893,3541591
  EL002: Thessaloniki,,1031459,1033732,1041622,1049055,1056054,1063421,1069160,1073034,1077733,1081968,1083352,1081018,1074590,1068451,1062270,1055585,1053860,1051579
HUN: Hungary,,..,..,..,..,..,..,..,..,..,..,..,..,..,..,..,..,..,..
  HU001: Budapest,,2823170,2819472,2813391,2816444,2825752,2838885,2854009,2876660,2902860,2926816,2945472,2916481,2928784,2939627,2956920,2966347,2970676,2978067
  HU002: Miskolc,,..,..,..,..,..,..,..,..,..,..,..,..,..,..,..,..,..,287287
  HU005: Debrecen,,343752,343264,342865,341889,341334,340082,339016,337873,336873,336317,335308,337656,336351,335205,333814,332388,330788,326626
  HU007: Gyor,,231861,232388,234261,234812,234672,235512,236044,236898,238244,238924,239673,236963,238653,239639,240787,242072,243139,251317
  HU009: Szekesfehervar,,272811,273171,272473,272458,272407,272005,272100,271835,271565,270929,270004,267420,266721,265645,264397,264659,263225,270835
IRL: Ireland,,..,..,..,..,..,..,..,..,..,..,..,..,..,..,..,..,..,..
  IE001: Dublin,,..,1352333,1430511,1508689,1586866,1665044,1684721,1704399,1724076,1743754,1763431,1791487,1819543,1847599,1875655,1903711,1918905,1938933
  IE002: Cork,,..,313036,329176,345316,361456,377596,382418,387241,392063,396886,401708,407442,413175,418909,424642,430376,429661,433143
ITA: Italy,,..,..,..,..,..,..,..,..,..,..,..,..,..,..,..,..,..,..
  IT001: Rome,,3784074,3784061,3795242,3820857,3859309,3880991,3906489,3954606,3998011,4030976,4064437,4080343,4125697,4403527,4423757,4421905,4434179,4429025
  IT002: Milan,,4486580,4490419,4494312,4513809,4571009,4593156,4606058,4625817,4644549,4670856,4705564,4728869,4785247,4908015,4931848,4944254,4956499,5145657
  IT003: Naples,,3360392,3356304,3355524,3364993,3373420,3368814,3365081,3368531,3362587,3368719,3371866,3370943,3374157,3448492,3440975,3436482,3429558,3406777
  IT004: Turin,,1674986,1671474,1674353,1688165,1694047,1696742,1699498,1721446,1730641,1733651,1734369,1731914,1740669,1774020,1769233,1761884,1758533,1760085
  IT005: Palermo,,991660,990026,988776,988360,988488,988192,989385,991131,992453,994079,996667,995321,996186,1021787,1022532,1018430,1015875,1026233
  IT006: Genoa,,718934,714030,710009,709076,711770,709184,706245,702546,702465,700525,698661,695235,693078,706721,701943,695371,692091,705175
  IT007: Florence,,738875,738434,739148,743178,747947,748340,749971,753843,758805,763846,767083,768621,780571,796300,800188,801112,801966,807673
  IT008: Bari,,705724,706130,707376,709898,713242,714460,715341,716958,718181,719700,722354,722667,722412,731490,734052,732568,730435,744564
  IT009: Bologna,,700443,703483,706194,711257,717162,720362,723685,730853,739016,743822,747615,750354,761599,769663,772084,773245,775844,780997
  IT010: Catania,,603943,603909,603897,606640,608353,610529,610987,613455,615128,616588,617751,617396,616857,638958,639656,638866,637583,656989
  IT011: Venice,,505560,506240,507452,510498,513554,515220,517309,521922,526693,528925,530417,530489,531665,537728,537925,536379,535548,559983
  IT012: Verona,,450983,453770,457577,463052,468165,472548,476898,485168,490174,491957,493259,493789,497924,505807,506875,506172,505719,514604
  IT016: Perugia,,..,..,..,..,..,..,..,..,..,..,..,..,..,..,..,..,..,281425
  IT022: Taranto,,407121,405957,405962,406175,407207,407378,407922,409005,409423,409939,409574,409026,408035,413263,411923,410308,408501,415424
  IT027: Cagliari,,471360,471109,471430,472154,472692,473681,474825,475785,476782,476648,477283,476462,477381,485587,486436,485788,484921,488964
  IT028: Padua,,481250,482861,485856,492445,497955,502065,505303,511518,517120,519973,521835,522656,526502,531307,532445,531619,531253,535774
  IT029: Brescia,,..,..,..,..,..,..,..,..,..,..,..,..,..,..,..,..,..,480937
  IT030: Modena,,..,..,..,..,..,..,..,..,..,..,..,..,..,..,..,..,..,368139
  IT032: Salerno,,..,..,..,..,..,..,..,..,..,..,..,..,..,..,..,..,..,252125
  IT501: Messina,,..,..,..,..,..,..,..,..,..,..,..,..,..,..,..,..,..,269119
  IT502: Prato,,250801,252434,254663,257062,261143,264930,267580,269085,269488,270706,271388,270764,273720,279050,278861,278945,280410,284637
  IT503: Parma,,298313,299060,300826,304036,307935,309858,311394,314772,319917,322144,324524,325103,328060,337255,338898,340674,341505,346966
  IT505: Reggio nell'Emilia,,237707,240381,243548,248299,253147,256658,259802,264194,268474,270643,272753,273757,276240,282473,281939,281740,281535,286021
  IT508: Rimini,,215701,217170,219096,221753,224700,226957,229637,232478,235552,237853,239963,241022,244688,250173,250880,251078,252068,258735
  IT511: Bergamo,,..,..,..,..,..,..,..,..,..,..,..,..,..,..,..,..,..,313252
JPN: Japan,,..,..,..,..,..,..,..,..,..,..,..,..,..,..,..,..,..,..
  JPN01: Tokyo,,33356926,33537402,33743727,33886538,34163372,34314423,34501811,34660681,34747105,35274760,35328443,35355415,35441104,35565308,35707770,35884502,36064684,36231407
  JPN02: Osaka,,17284769,17280542,17285249,17278072,17283887,17273236,17257360,17238638,17220243,17304230,17287319,17261483,17230085,17190150,17162968,17143814,17125633,17103838
  JPN03: Nagoya,,8360390,8393156,8425091,8455361,8510436,8557483,8604216,8639935,8646512,8629765,8625333,8626441,8632099,8633991,8639205,8652554,8669761,8681708
  JPN04: Fukuoka,,2668943,2674103,2677762,2680921,2676229,2677714,2678026,2676508,2675319,2684483,2687469,2689783,2691769,2691347,2708075,2726887,2746439,2766437
  JPN05: Sapporo,,2310621,2306959,2302484,2296381,2289871,2278885,2266272,2252032,2240639,2240232,2232095,2221516,2209717,2197028,2200555,2204708,2209107,2212685
  JPN06: Sendai,,1560598,1560598,1561914,1560598,1553357,1550066,1544801,1540193,1537561,1545459,1531637,1530320,1532295,1532141,1538782,1542949,1492863,1493781
  JPN07: Okayama,,1571656,1571656,1571656,1570852,1574875,1573266,1571656,1567633,1562804,1565219,1562000,1557976,1553147,1548257,1547614,1546839,1545718,1543758
  JPN08: Hiroshima,,1482519,1482004,1482004,1482004,1481489,1480460,1479430,1477370,1474280,1473250,1470161,1466556,1462437,1458809,1460002,1462229,1464857,1466517
  JPN09: Kitakyushu,,1353799,1356758,1358910,1360794,1358641,1359718,1360256,1359718,1359449,1364560,1366444,1368058,1369403,1369672,1362317,1354651,1348230,1341443
  JPN10: Naha,,1126826,1135305,1143784,1152263,1154806,1159894,1164133,1166677,1171764,1181090,1187873,1194656,1199744,1204831,1210665,1217977,1223688,1228246
  JPN11: Kumamoto,,1223039,1221724,1219751,1217779,1211203,1207258,1201998,1197395,1192792,1194765,1192134,1188189,1184244,1179452,1180052,1180088,1175409,1174666
  JPN12: Yokkaichi,,1107592,1107592,1108187,1109377,1111163,1114734,1116519,1115924,1112948,1104021,1099260,1095093,1090927,1086166,1083682,1080248,1078092,1077442
  JPN13: Takasaki,,1109169,1109762,1110904,1110409,1105585,1104012,1101367,1099270,1096621,1097314,1093578,1088748,1084469,1080206,1076837,1073597,1070134,1066073
  JPN14: Hamamatsu,,1003415,1004742,1006600,1007131,1006334,1007661,1008723,1008457,1006334,999169,994923,991208,988023,983246,980929,979586,978312,977247
  JPN15: Niigata,,862316,859526,857783,854993,847671,843138,838605,833723,829190,827795,823611,818381,812453,806525,804413,802936,800112,796773
  JPN16: Utsunomiya,,910146,910146,910599,911505,913316,912410,911958,910599,908335,909241,905618,901996,899279,896492,896085,895608,894328,893476
  JPN17: Kanazawa,,701141,699954,699954,699361,696395,695209,694023,692836,691057,694023,691650,689870,687498,685684,685879,686998,687239,687268
  JPN18: Oita,,777662,776388,775752,773841,770656,768109,766198,764287,761103,762377,758555,754734,750275,745817,743770,742386,740554,737880
  JPN19: Kagoshima,,786768,785003,783238,780590,773530,769118,763381,757645,753673,752791,749702,745731,741318,736023,735028,733935,733244,731844
  JPN20: Himeji,,738461,739389,740316,740582,741112,740979,740847,740449,740051,740714,739919,738461,736737,734457,732319,729568,726861,723966
  JPN21: Mito,,742790,742293,742542,742045,738569,737825,737080,735839,734846,737328,734349,730625,727646,724667,722741,720400,718552,716515
  JPN22: Shizuoka,,733518,734488,735846,736234,735652,736622,737398,737204,735652,730414,727310,724594,722266,718774,715752,712184,709041,706287
  JPN23: Toyohashi,,646296,649579,652771,655872,661617,666450,671193,675114,676482,675843,676299,677303,678762,679856,677834,676389,675236,674083
  JPN24: Nagasaki,,713286,710457,707628,704800,697257,691128,684999,678871,674156,672742,668028,663785,658599,653413,650113,648461,644481,637725
  JPN25: Matsuyama,,688588,686278,684893,682122,677966,674271,670576,666882,663187,660878,657183,653489,648870,644203,643110,641544,639822,638158
  JPN26: Toyama,,630014,628890,627765,627765,624955,623831,621583,618773,615401,614277,611467,608095,604723,601342,599996,598198,596494,595295
  JPN27: Kofu,,635280,634566,633139,632425,631711,628142,626001,621718,618863,616008,611725,608156,604587,600303,596796,593909,591485,588090
  JPN28: Takamatsu,,615934,615331,614728,613523,609907,608099,606291,604483,602072,600264,597853,596045,593635,591224,589711,588588,586918,585423
  JPN29: Nagano,,621990,620311,619752,618632,614435,612477,609959,607440,604083,602124,599326,596528,593730,590030,586800,584349,581423,578365
  JPN30: Tokushima,,628607,627078,624784,621725,619431,615607,611783,607195,603371,600312,596489,593430,588841,584160,581224,577851,574964,571199
  JPN31: Numazu,,579959,580726,581800,582107,581647,582414,583027,582874,581647,577505,575051,572904,571063,568302,564328,561350,558516,555306
  JPN32: Fukui,,593091,591662,590947,589518,587374,585230,583087,580228,577370,575941,573797,570939,568081,564508,561689,558944,556392,554078
  JPN33: Wakayama,,618972,616068,613165,609681,601552,596907,591681,587617,582971,581810,577746,573681,568455,563782,560780,557308,553394,549574
  JPN34: Koriyama,,565818,564486,562623,560759,556765,553836,550374,546380,543185,540256,529872,522416,518156,515149,514784,514058,512375,509834
  JPN35: Kochi,,575366,573243,571120,568289,563335,558381,553427,547058,542104,540688,536442,532196,527242,522218,519098,516044,512377,508992
  JPN36: Miyazaki,,531615,530705,529341,528431,524339,522065,519791,516608,514789,516153,514334,512060,509332,506498,505447,504341,501844,500307
  JPN37: Morioka,,458988,457039,455415,453141,449893,446645,443072,439174,435276,432027,426830,423257,420658,417047,415675,413640,411323,409526
  JPN38: Fujieda,,480051,480686,481575,481829,481448,482083,482591,482464,481448,478020,475988,474211,472687,470402,468241,465932,464043,461938
  JPN39: Fukushima,,488960,487809,486199,484588,481136,478605,475614,472163,469401,466870,457896,451454,447772,445146,443286,441271,437870,433622
  JPN40: Matsumoto,,457448,456213,455802,454979,451892,450451,448599,446747,444278,442838,440780,438722,436664,433919,432010,430813,429759,428538
  JPN41: Yamagata,,466387,464132,462253,459622,456991,453985,450227,446468,443086,439328,436321,432939,428805,424963,422788,420880,419099,416626
  JPN42: Kurume,,416136,417046,417707,418286,417624,417955,418121,417955,417872,419444,420023,420519,420932,421015,421095,421213,420750,420234
  JPN43: Akita,,465716,462569,459029,455883,450769,446049,440936,435822,431102,427169,422842,418122,413008,407819,404870,401695,398156,394279
  JPN44: Asahikawa,,419876,419210,418397,417288,416105,414109,411817,409229,407159,407085,405606,403684,401540,399113,397066,394992,392255,389279
  JPN45: Kusatsu,,363109,364720,366598,368209,370356,372771,374650,376260,377065,378675,379480,379749,380017,380017,382631,384859,387936,390491
  JPN46: Fuji,,411696,412217,412939,413141,412812,413289,413682,413511,412618,409703,407937,406394,405064,403041,401252,399607,398161,396475
  JPN47: Isesaki,,394072,394266,394654,394460,392713,392131,391161,390385,389415,389609,388251,386504,384952,383400,381709,380543,379175,377959
  JPN48: Hakodate,,369800,369214,368497,367521,366479,364721,362702,360423,358600,358534,357232,355539,353651,351608,348210,344777,341258,337911
  JPN49: Hachinohe,,374146,372862,371106,368600,364846,361335,357327,353549,350255,348680,346062,342780,339052,335382,332916,330570,327874,324737
  JPN50: Hitachi,,333031,332809,332920,332698,331139,330805,330471,329915,329470,330583,329247,327577,326242,324906,320796,316828,312899,308849
  JPN51: Aomori,,357947,356732,355032,352604,348961,345562,341676,338034,334877,333420,330991,327834,324192,320757,317737,314395,310929,307955
  JPN52: Shimonoseki,,300598,299415,298231,296653,294484,292511,290736,288566,286988,286199,284424,282255,280085,277718,275242,272360,269486,266429
  JPN53: Obihiro,,279476,279033,278492,277754,276966,275638,274112,272390,271012,270962,269978,268699,267272,265700,265055,264306,263429,262357
  JPN54: Shunan,,280925,279819,278713,277238,275210,273367,271708,269680,268206,267468,265809,263782,261754,259542,257800,256641,255476,254296
KOR: Korea,,..,..,..,..,..,..,..,..,..,..,..,..,..,..,..,..,..,..
  KOR01: Seoul,,..,..,..,..,..,..,..,..,..,..,23528730,23655652,23763034,23857101,23949882,24048810,24123695,23810489
  KOR02: Gimhae,,..,..,..,..,..,..,..,..,..,..,4529108,4530044,4537895,4553409,4563362,4564243,4562038,4545606
  KOR03: Dalseong,,..,..,..,..,..,..,..,..,..,..,2507271,2505644,2501588,2493264,2487829,2484557,2475231,2461769
  KOR04: Gwangsan,,..,..,..,..,..,..,..,..,..,..,1580268,1585206,1588104,1589833,1585056,1581746,1575735,1570186
  KOR05: Seo,,..,..,..,..,..,..,..,..,..,..,1515603,1524583,1532811,1531809,1518775,1514370,1502227,1489936
  KOR06: Seongsan,,..,..,..,..,..,..,..,..,..,..,1158852,1158896,1151398,1143909,1139220,1132844,1125239,1120626
  KOR07: Ulsan,,..,..,..,..,..,..,..,..,..,..,930814,939416,947834,951985,954105,953049,944414,933781
  KOR08: Heungdeok,,..,..,..,..,..,..,..,..,..,..,695955,701131,707450,866292,868583,872505,873373,875066
  KOR09: Deokjin,,..,..,..,..,..,..,..,..,..,..,730554,735027,737060,743254,747585,747224,744939,745535
  KOR10: Sebuk,,..,..,..,..,..,..,..,..,..,..,571377,581988,591089,598346,605776,617955,631531,646075
  KOR11: Gyeongsan,,..,..,..,..,..,..,..,..,..,..,..,..,..,..,..,..,..,..
  KOR12: Pohan,,..,..,..,..,..,..,..,..,..,..,517088,518913,519467,519368,519584,516775,513832,510013
  KOR13: Gumi,,..,..,..,..,..,..,..,..,..,..,532284,536735,540610,542378,542744,543090,542663,540322
  KOR14: Jeju,,..,..,..,..,..,..,..,..,..,..,422790,429656,438165,448834,459876,470665,478700,485946
  KOR15: Jinju,,..,..,..,..,..,..,..,..,..,..,335502,337314,337071,340241,344426,346739,346681,345987
  KOR16: Wonju,,..,..,..,..,..,..,..,..,..,..,320536,323885,324837,327292,332995,337979,341337,344070
  KOR17: Iksan,,..,..,..,..,..,..,..,..,..,..,309804,306469,306539,304117,302061,300479,300187,294062
  KOR18: Chuncheon,,..,..,..,..,..,..,..,..,..,..,272805,273364,274455,275791,277997,280707,280514,280640
  KOR19: Gunsan,,..,..,..,..,..,..,..,..,..,..,275659,278341,278319,278098,278398,277551,274997,272645
  KOR20: Suncheon,,..,..,..,..,..,..,..,..,..,..,272201,273798,275668,277188,278765,278548,279331,279389
LTU: Lithuania,,..,..,..,..,..,..,..,..,..,..,..,..,..,..,..,..,..,..
  LT001: Vilnius,,709137,708280,708553,709870,711191,712186,713102,714857,718000,699938,690954,687859,690482,692528,695847,695661,697691,700275
  LT002: Kaunas,,461079,458587,456407,453017,448628,445737,443832,442287,440945,416520,403241,396882,393307,391150,389753,387362,383764,381007
LUX: Luxembourg,,..,..,..,..,..,..,..,..,..,..,..,..,..,..,..,..,..,..
  LU001: Luxembourg,,439539,446820,454102,461383,468665,475946,483227,490509,497790,505072,512353,525405,538458,551510,564562,577615,590667,602005
LVA: Latvia,,..,..,..,..,..,..,..,..,..,..,..,..,..,..,..,..,..,..
  LV001: Riga,,1045996,1031376,1023158,1016822,1008131,1003722,1001372,998809,990102,975194,959235,948033,941503,938742,936623,934093,934554,932595
MEX: Mexico,,..,..,..,..,..,..,..,..,..,..,..,..,..,..,..,..,..,..
  MEX01: Mexico City,,..,..,..,..,17579719,17808621,18037522,18266424,18495325,18724227,19007182,19290137,19573092,19856047,20139002,20264875,20389473,20507745
  MEX02: Guadalajara,,..,..,..,..,4025561,4114783,4204004,4293226,4382447,4471669,4571783,4671897,4772012,4872126,4972240,5037172,5101536,5162894
  MEX03: Monterrey,,..,..,..,..,3651505,3738875,3826244,3913614,4000983,4088353,4202570,4316787,4431005,4545222,4659439,4742991,4818994,4893288
  MEX04: Puebla,,..,..,..,..,2159587,2203091,2246596,2290100,2333605,2377109,2432459,2487809,2543159,2598509,2653859,2689966,2723658,2756034
  MEX05: Toluca,,..,..,..,..,1722115,1778614,1835113,1891613,1948112,2004611,2048356,2092101,2135845,2179590,2223335,2261235,2298063,2332900
  MEX06: Tijuana,,..,..,..,..,1280692,1334229,1387766,1441303,1494840,1548377,1570163,1591948,1613734,1635519,1657305,1679399,1708186,1736099
  MEX07: Leon,,..,..,..,..,1248564,1284399,1320234,1356070,1391905,1427740,1459180,1490621,1522061,1553502,1584942,1607326,1627314,1645986
  MEX08: Queretaro,,..,..,..,..,1126365,1165757,1205149,1244541,1283933,1323325,1363056,1402787,1442518,1482249,1521980,1555233,1587017,1618062
  MEX09: Merida,,..,..,..,..,1204565,1227453,1250342,1273230,1296119,1319007,1346392,1373776,1401161,1428545,1455930,1475568,1494744,1513606
  MEX10: Juarez,,..,..,..,..,1225333,1233501,1241669,1249836,1258004,1266172,1296153,1326133,1356114,1386094,1416075,1424918,1436019,1446305
  MEX11: San Luis Potosi,,..,..,..,..,1103288,1123274,1143260,1163245,1183231,1203217,1228121,1253026,1277930,1302835,1327739,1343153,1357611,1371146
  MEX12: Torreon,,..,..,..,..,994180,1012658,1031136,1049613,1068091,1086569,1109664,1132758,1155853,1178947,1202042,1218089,1233762,1249077
  MEX13: Mexicali,,..,..,..,..,804780,827401,850022,872642,895263,917884,934869,951854,968838,985823,1002808,1016212,1034059,1051870
  MEX14: Cuernavaca,,..,..,..,..,802717,822981,843245,863508,883772,904036,923864,943691,963519,983346,1003174,1015323,1026881,1038067
  MEX15: Villahermosa,,..,..,..,..,736545,760787,785029,809270,833512,857754,877361,896967,916574,936180,955787,970769,984865,998523
  MEX16: Culiacan,,..,..,..,..,762385,780383,798381,816379,834377,852375,865724,879073,892421,905770,919119,929980,938906,947345
  MEX17: Morelia,,..,..,..,..,735903,754231,772558,790886,809213,827541,849547,871553,893558,915564,937570,950107,961520,972194
  MEX18: Chihuahua,,..,..,..,..,712031,728341,744652,760962,777273,793583,811828,830073,848319,866564,884809,897159,911097,924455
  MEX19: Veracruz,,..,..,..,..,733734,743898,754062,764227,774391,784555,805628,826701,847774,868847,889920,901386,910800,919626
  MEX20: Hermosillo,,..,..,..,..,677846,697365,716884,736403,755922,775441,795341,815241,835142,855042,874942,889980,904996,919332
  MEX21: Aguascalientes,,..,..,..,..,710489,727144,743799,760454,777109,793764,813974,834183,854393,874602,894812,910036,923323,936373
  MEX22: Acapulco de Juarez,,..,..,..,..,686679,705987,725296,744604,763913,783221,791329,799437,807544,815652,823760,828189,831652,834889
  MEX23: Tampico,,..,..,..,..,698974,709786,720598,731410,742222,753034,768997,784959,800922,816884,832847,841378,849872,858218
  MEX24: Oaxaca de Juarez,,..,..,..,..,665012,682216,699421,716625,733830,751034,765651,780268,794886,809503,824120,834072,843236,851602
  MEX25: Reynosa,,..,..,..,..,594185,610148,626111,642075,658038,674001,692990,711978,730967,749955,768944,780505,791501,801770
  MEX26: Xalapa,,..,..,..,..,646250,659753,673255,686758,700260,713763,731864,749964,768065,786165,804266,814628,823138,830933
  MEX27: Saltillo,,..,..,..,..,635530,651391,667253,683114,698976,714837,732316,749795,767275,784754,802233,815860,829873,843421
  MEX28: Benito Juarez,,..,..,..,..,480402,513915,547427,580940,614452,647965,667191,686417,705643,724869,744095,764955,785764,805997
  MEX29: Celaya,,..,..,..,..,527493,541059,554624,568190,581755,595321,605921,616521,627121,637721,648321,655778,662520,668936
  MEX30: Durango,,..,..,..,..,512097,522355,532613,542872,553130,563388,581391,599394,617396,635399,653402,663425,672181,680436
  MEX31: Tuxtla Gutierrez,,..,..,..,..,490206,501647,513088,524530,535971,547412,561183,574954,588724,602495,616266,625767,635183,644430
  MEX32: Pachuca de Soto,,..,..,..,..,454593,471271,487948,504626,521303,537981,550183,562385,574588,586790,598992,609933,620297,630196
  MEX33: Irapuato,,..,..,..,..,469684,483299,496914,510528,524143,537758,548123,558489,568854,579220,589585,597240,604233,610901
  MEX34: Ahome,,..,..,..,..,463693,473472,483250,493029,502807,512586,521970,531355,540739,550124,559508,566526,572456,578155
  MEX35: Matamoros,,..,..,..,..,449629,455731,461833,467934,474036,480138,489488,498839,508189,517540,526890,531083,535140,538972
  MEX36: Ensenada,,..,..,..,..,396387,409903,423419,436936,450452,463968,470031,476094,482156,488219,494282,501156,510093,518900
  MEX37: Poza Rica de Hidalgo,,..,..,..,..,451517,457529,463541,469553,475565,481577,490500,499424,508347,517271,526194,530849,534618,538244
  MEX38: Tepic,,..,..,..,..,369891,381005,392120,403234,414349,425463,434509,443556,452602,461649,470695,478598,486343,493788
  MEX39: Orizaba,,..,..,..,..,415420,422033,428647,435260,441874,448487,457191,465895,474600,483304,492008,496930,500868,504560
  MEX40: Mazatlan,,..,..,..,..,391021,400233,409445,418658,427870,437082,449310,461538,473767,485995,498223,506602,513921,520899
  MEX41: Cajeme,,..,..,..,..,364764,373125,381486,389847,398208,406569,413786,421003,428220,435437,442654,447653,452976,458289
  MEX42: Nuevo Laredo,,..,..,..,..,345178,348760,352342,355924,359506,363088,371789,380490,389190,397891,406592,409874,413020,415949
  MEX43: Guadalupe,,..,..,..,..,323665,332434,341203,349972,358741,367510,376692,385874,395056,404238,413420,419801,425379,430538
  MEX44: Coatzacoalcos,,..,..,..,..,304604,309931,315258,320585,325912,331239,337078,342917,348755,354594,360433,363922,366676,369238
  MEX45: Tapachula,,..,..,..,..,275685,284537,293389,302242,311094,319946,327097,334248,341399,348550,355701,361374,367098,372829
  MEX46: Victoria,,..,..,..,..,289239,294940,300641,306341,312042,317743,323867,329991,336114,342238,348362,352312,356210,359959
  MEX47: Tlaxcala,,..,..,..,..,285942,291263,296583,301904,307224,312545,319550,326556,333561,340567,347572,352307,356466,360526
  MEX48: Cordoba,,..,..,..,..,297673,301905,306136,310368,314599,318831,326390,333949,341507,349066,356625,361016,364656,368032
  MEX49: Uruapan,,..,..,..,..,275935,282305,288675,295044,301414,307784,313805,319826,325846,331867,337888,341805,345371,348704
  MEX50: Tehuacan,,..,..,..,..,287889,292826,297763,302699,307636,312573,322108,331643,341178,350713,360248,366391,372083,377423
  MEX51: Minatitlan,,..,..,..,..,291733,296147,300562,304976,309391,313805,320192,326579,332965,339352,345739,348407,350499,352495
  MEX52: Cuautla,,..,..,..,..,262431,269769,277107,284446,291784,299122,305776,312430,319085,325739,332393,337394,342195,346833
  MEX53: Chilpancingo de los Bravo,,..,..,..,..,259500,267050,274599,282149,289698,297248,304136,311025,317913,324802,331690,336409,340546,344269
  MEX54: Monclova,,..,..,..,..,266958,271441,275924,280407,284890,289373,295196,301019,306842,312665,318488,322337,326519,330733
  MEX55: Los Cabos,,..,..,..,..,154092,169943,185794,201645,217496,233347,243234,253122,263009,272897,282784,293085,303120,312678
  MEX56: Colima,,..,..,..,..,222567,230456,238345,246235,254124,262013,268446,274880,281313,287747,294180,299538,304867,310082
  MEX57: La Paz,,..,..,..,..,208059,216150,224241,232332,240423,248514,254266,260018,265769,271521,277273,281907,286751,291685
  MEX58: Campeche,,..,..,..,..,235622,240048,244474,248900,253326,257752,264255,270758,277262,283765,290268,295650,301162,306615
  MEX59: Puerto Vallarta,,..,..,..,..,211325,218942,226559,234177,241794,249411,255095,260778,266462,272145,277829,282765,287460,291805
  MEX60: Salamanca,,..,..,..,..,231609,237122,242635,248147,253660,259173,263373,267573,271774,275974,280174,282983,285595,288173
  MEX61: San Juan del Rio,,..,..,..,..,202329,210052,217775,225498,233221,240944,247331,253717,260104,266490,272877,278966,284793,290495
  MEX62: Zamora,,..,..,..,..,225419,230137,234855,239573,244291,249009,253082,257155,261229,265302,269375,271974,274332,276557
  MEX63: Tulancingo de Bravo,,..,..,..,..,200914,208073,215233,222392,229552,236711,240314,243918,247521,251125,254728,258484,262099,265561
  MEX64: Carmen,,..,..,..,..,196343,200468,204593,208717,212842,216967,223604,230241,236879,243516,250153,255333,260564,265668
  MEX66: Othon P. Blanco,,..,..,..,..,213047,219154,225261,231369,237476,243583,244388,245192,245997,246801,247606,250360,253513,257030
NLD: Netherlands,,..,..,..,..,..,..,..,..,..,..,..,..,..,..,..,..,..,..
  NL001: The Hague,,952149,959679,967504,974871,981124,987697,988649,993963,1004159,1013674,1022996,1035015,1041530,1048424,1058466,1070292,1080034,1093212
  NL002: Amsterdam,,2499794,2541302,2560555,2577360,2590441,2599356,2608001,2623118,2644018,2666581,2690591,2710328,2726834,2744780,2761817,2717363,2744155,2769100
  NL003: Rotterdam,,1769761,1767193,1767429,1771101,1771037,1764839,1769448,1769517,1775462,1802349,1812858,1822329,1825159,1829092,1820462,1680466,1691283,1701859
  NL004: Utrecht,,772449,787375,795731,802533,808712,814633,821703,828940,835339,842113,847430,853077,858610,864249,870912,875245,883493,891051
  NL005: Eindhoven,,701161,706071,709820,711778,713330,714409,714882,716604,719397,721785,725409,728867,731461,734708,738829,743804,748855,753778
  NL006: Tilburg,,293802,295783,296601,297709,298360,299130,299590,300481,301686,302857,303992,305196,306304,307723,308669,313550,315345,317863
  NL007: Groningen,,453651,457510,460237,461637,462926,461916,462127,462846,464250,466664,469231,471296,472555,473947,474905,476573,481007,480561
  NL008: Enschede,,389312,391211,392576,393453,394465,394974,395320,395812,397283,398651,399895,400668,400757,400512,400278,401656,401752,401952
  NL009: Arnhem,,404290,407311,409592,411230,402354,403365,405019,406499,408721,411054,413144,414678,416038,417461,419476,418251,420770,422699
  NL010: Heerlen,,..,..,..,..,..,..,..,..,..,..,..,..,..,..,..,282959,282146,281428
  NL012: Breda,,350145,352459,354022,355188,356088,356866,357310,358004,359483,360770,361973,363340,364352,365520,366601,369451,371396,373910
  NL013: Nijmegen,,..,..,..,..,..,..,..,..,..,..,..,..,..,..,..,293332,295039,297943
  NL503: s-Hertogenbosch,,..,..,..,..,..,..,..,..,..,..,..,..,..,..,..,273342,274944,276598
  NL507: Leiden,,319789,320739,329729,330744,330998,331284,331351,332123,333332,334959,337029,338595,340433,341882,343541,348220,350889,353474
  NL511: Zwolle,,323924,327115,329801,331588,332788,334720,336379,338347,340539,342524,344208,345865,347249,348040,349118,351530,353424,355931
  NL514: Alkmaar,,280847,271325,272621,274285,276249,277525,277587,278194,279427,280607,281658,282596,282769,283370,290580,287780,289825,291575
NOR: Norway,,..,..,..,..,..,..,..,..,..,..,..,..,..,..,..,..,..,..
  NO001: Oslo,,1058863,1068620,1080170,1090513,1104718,1121020,1139865,1162255,1187279,1208284,1230794,1256554,1278827,1300044,1323244,1344368,1363480,1380577
  NO002: Bergen,,334902,338611,342258,345805,349171,353717,357998,363616,370096,376652,382877,388565,395338,401840,407206,411965,415000,417657
  NO003: Trondheim,,223889,225759,227833,230111,232863,236119,239995,244302,248260,252115,255576,259719,264396,267887,271590,274922,278697,282362
  NO004: Stavanger,,258127,260973,264311,267527,271259,275293,280956,287638,293945,300108,306520,312065,319294,325161,330709,334062,335549,337179
POL: Poland,,..,..,..,..,..,..,..,..,..,..,..,..,..,..,..,..,..,..
  PL001: Warsaw,,..,2886637,2897462,2911734,2927360,2944951,2964639,2981197,3000079,3015166,3037856,3057631,3078489,3092107,3112038,3132671,3154987,3180854
  PL002: Lodz,,..,979154,973918,969619,964249,966933,961013,956156,952810,944520,940188,935124,928346,923985,919822,915942,911052,907154
  PL003: Cracow,,..,1327292,1331164,1334105,1336432,1339583,1343471,1346087,1351905,1367159,1379797,1384015,1389091,1395838,1398815,1407564,1414624,1423151
  PL004: Wroclaw,,..,824925,825115,825873,827087,829074,830776,832975,836431,845930,850412,854092,859336,865528,870542,876511,882347,871751
  PL005: Poznan,,..,910433,912927,916043,920363,924577,929496,934001,939302,953028,958988,963332,968672,973063,977153,983006,989586,996285
  PL006: Gdansk,,..,1071402,1074366,1076927,1079823,1082616,1086945,1091849,1098177,1118914,1124961,1130209,1136612,1141954,1147270,1154488,1161315,1170585
  PL007: Szczecin,,..,473754,473710,472903,473331,472696,473229,473803,474367,481207,481905,482453,483135,483392,482899,483314,483471,483481
  PL008: Bydgoszcz,,..,489624,489369,489580,489651,489201,489458,489233,489718,500423,500832,500748,500583,500009,499455,499302,499337,497929
  PL009: Lublin,,..,673275,672436,672844,672805,672411,671913,671095,670918,674101,673880,673377,669902,668346,667575,668070,668347,670744
  PL010: Katowice,,..,2699020,2685458,2673192,2660080,2647028,2635340,2626658,2620025,2604136,2595676,2585884,2573159,2562042,2550899,2541191,2532524,2521341
  PL011: Bialystok,,..,415413,415941,416626,417162,417509,417707,418596,420031,422961,424322,425762,426888,427556,428498,430021,431604,432994
  PL012: Kielce,,..,383841,383639,383367,382954,382423,397081,397174,397921,399003,399172,399270,398830,398433,398031,398185,382129,374573
  PL013: Torun,,..,309759,309664,310766,312107,312977,313896,314987,316342,318040,319220,319816,320092,321005,321662,322543,323714,..
  PL014: Olsztyn,,..,244077,245495,247052,248653,249768,251408,253019,254565,255797,256944,257080,258065,257858,258109,258512,259680,259873
  PL015: Rzeszow,,..,461349,461854,462766,463706,464799,465634,488884,490376,496464,498629,501715,504106,506965,508397,510949,514431,517628
  PL020: Nowy Sacz,,..,243592,244994,246392,247828,248926,250370,251712,253281,256750,258083,259196,260181,261065,262212,263339,264572,265683
  PL024: Czestochowa,,..,418698,417517,416339,415122,413276,410802,409299,408273,408019,406962,405634,403715,401691,399652,397668,395519,393180
  PL025: Radom,,..,289611,289451,289531,289638,289108,288883,288809,288662,287993,287473,287192,286550,285789,285175,284500,284466,282315
  PL506: Bielsko-Biala,,..,354377,354803,355740,356626,357493,358120,359464,361217,362374,363391,364367,365022,365553,366045,366576,367301,368312
  PL514: Tarnow,,..,279164,279156,279767,279746,279660,292584,292786,293450,304547,304697,304996,304827,304574,304570,304402,304482,304245
PRT: Portugal,,..,..,..,..,..,..,..,..,..,..,..,..,..,..,..,..,..,..
  PT001: Lisbon,,2771811,2799737,2824162,2841680,2855522,2869220,2883732,2900471,2917300,2933811,2948623,2952681,2943702,2932443,2932957,2935786,2943848,2976356
  PT002: Porto,,1289989,1296888,1302777,1306639,1309527,1312051,1314716,1316622,1316170,1315738,1313597,1312058,1305544,1298545,1291345,1285579,1281853,1272189
  PT005: Coimbra,,289284,289475,289305,288682,287963,287227,286493,285682,284797,283853,282657,280118,277375,274640,272235,270919,269472,265592
SVK: Slovak Republic,,..,..,..,..,..,..,..,..,..,..,..,..,..,..,..,..,..,..
  SK001: Bratislava,,..,..,..,..,..,..,..,..,..,..,602436,606537,612682,618380,625167,633288,641892,650838
  SK002: Kosice,,..,..,..,..,..,..,..,..,..,..,359660,360661,361351,362045,362841,363778,365142,366460
SVN: Slovenia,,..,..,..,..,..,..,..,..,..,..,..,..,..,..,..,..,..,..
  SI001: Ljubljana,,475989,477924,479304,480964,482463,485783,489607,496643,507706,515177,518617,521848,526962,531516,534772,537274,539921,542553
  SI002: Maribor,,319696,320056,319781,319402,319090,319210,319679,322232,322864,323307,323082,323496,323198,323286,323312,322509,321998,322011
SWE: Sweden,,..,..,..,..,..,..,..,..,..,..,..,..,..,..,..,..,..,..
  SE001: Stockholm,,1813385,1828970,1840498,1850842,1862807,1879765,1907763,1939014,1970583,2008299,2043269,2080199,2115547,2151383,2186195,2219415,2256832,2308143
  SE002: Gothenburg,,885890,889699,894199,898577,902963,907063,913171,918730,925195,932194,938780,944969,950948,959627,969834,979971,993978,1021831
  SE003: Malmo,,566292,569877,574149,577965,582087,586369,593910,601360,609082,617255,623407,628220,633315,638820,646261,653641,664141,669471
  SE006: Uppsala,,235857,237806,239432,240907,242566,244012,256484,259166,262307,266083,269277,271480,274164,276973,279747,283934,289713,294689
USA: United States,,..,..,..,..,..,..,..,..,..,..,..,..,..,..,..,..,..,..
  USA01: New York (Greater),,19073414,19163168,19219720,19227477,19204252,19179904,19217320,19320396,19450319,19575670,19704605,19801830,19879697,19936830,19979173,19996365,19979459,19961045
  USA02: Los Angeles (Greater),,15888856,16101096,16314292,16490581,16602137,16656726,16699332,16806187,16935262,17081554,17222935,17355017,17478028,17597461,17716231,17807991,17869136,17913847
  USA03: Chicago ,,9169580,9206032,9233303,9260676,9276302,9297749,9337140,9384555,9429498,9470880,9500991,9529773,9553268,9564614,9557880,9540144,9520784,9498716
  USA04: Washington (Greater),,7592023,7699625,7787510,7881305,7969800,8030184,8094606,8179760,8299654,8438740,8561600,8680883,8780026,8861882,8934724,8995944,9061334,9115152
  USA05: San Francisco (Greater),,5917514,5882948,5864755,5851416,5867817,5894007,5949735,6039163,6122403,6185378,6264042,6351379,6445881,6538104,6625263,6677948,6704275,6728591
  USA06: Philadelphia (Greater),,6067770,6099318,6132588,6165783,6191154,6218965,6245214,6271036,6306927,6338692,6363153,6385261,6400058,6416123,6425973,6435719,6447053,6466183
  USA07: Dallas,,5530381,5639224,5733640,5825928,5937586,6105419,6244627,6374616,6505404,6616007,6734466,6869768,6980743,7119473,7274499,7430045,7578028,7712624
  USA08: Houston,,4903782,5024752,5125779,5223123,5324708,5514869,5632976,5768882,5918515,6040202,6149528,6278051,6423651,6597204,6771484,6908692,7004181,7097351
  USA09: Miami (Greater),,5240636,5330150,5398311,5476097,5553060,5571550,5566529,5599002,5650130,5730463,5841396,5920714,6000555,6074183,6153908,6245361,6309479,6359694
  USA10: Atlanta,,4110255,4190630,4267538,4349712,4455273,4609096,4737037,4836218,4906016,4968098,5032611,5111839,5178025,5258374,5350609,5449190,5528732,5600743
  USA11: Boston,,4034818,4038005,4029984,4017927,4008175,4013375,4031971,4065685,4109103,4147960,4189217,4233822,4278879,4319818,4349845,4378145,4407895,4436124
  USA12: Phoenix,,3363736,3452470,3536388,3637332,3774696,3914212,4018128,4106372,4153609,4204738,4253825,4331053,4404675,4491423,4581122,4675966,4761694,4857962
  USA13: Detroit (Greater),,4520358,4514959,4512545,4505879,4491683,4471466,4439410,4402396,4375250,4355318,4354800,4363506,4367707,4373352,4370844,4377213,4383113,4388853
  USA14: Seattle,,3092927,3118302,3133021,3158967,3198265,3257081,3304467,3355042,3414797,3449275,3499104,3554484,3610838,3672067,3738316,3814369,3884469,3939363
  USA15: Minneapolis,,3037997,3066812,3093407,3121253,3147749,3182201,3216867,3248517,3277805,3302428,3335737,3368660,3403698,3439261,3467278,3502475,3539791,3575736
  USA16: San Diego,,2869672,2900355,2914702,2930007,2938375,2947289,2975742,3022116,3061203,3103306,3137372,3175201,3211248,3250993,3284061,3310280,3325468,3343364
  USA17: St. Louis,,2493093,2501893,2511670,2521195,2528812,2541693,2551884,2563147,2575146,2585100,2589767,2592723,2595991,2600651,2605002,2602889,2602805,2602213
  USA18: Denver,,2241381,2266781,2284876,2304818,2332749,2374194,2418686,2463971,2509417,2554816,2602973,2650456,2700774,2754641,2813514,2857549,2892979,2932415
  USA19: San Antonio,,1764438,1800620,1832323,1874134,1912946,1973081,2028319,2078214,2122792,2170296,2211374,2255287,2298991,2348702,2399899,2447699,2493838,2537852
  USA20: Portland,,1884996,1915548,1935496,1949850,1976478,2009966,2041953,2075316,2108090,2132905,2162961,2188641,2211418,2243749,2280921,2323195,2350890,2371808
  USA21: Cincinnati,,1962066,1969662,1980442,1991467,2003340,2018194,2032085,2042944,2055443,2065275,2070323,2076701,2086575,2097015,2106760,2117456,2129166,2139570
  USA22: Las Vegas,,1498378,1561689,1624057,1704461,1774161,1851033,1916955,1961822,1989099,2001839,2011248,2038651,2066147,2102311,2146230,2188990,2232543,2282194
  USA23: Orange,,1710359,1760345,1811544,1878077,1955794,2020057,2057865,2087489,2111917,2139199,2175958,2225779,2270479,2324886,2387554,2452986,2512917,2572962
  USA24: Jackson (MO),,1767690,1788259,1804559,1821367,1838118,1859782,1881754,1900075,1920379,1937916,1949210,1962004,1977080,1992083,2008025,2027933,2047638,2063645
  USA25: Indianapolis,,1672009,1692679,1713922,1735249,1757676,1785395,1811241,1835047,1858199,1877440,1895571,1914605,1938094,1955872,1970849,1990404,2011724,2033469
  USA26: Cuyahoga,,2141787,2136201,2131150,2122934,2111699,2099415,2091596,2085110,2081063,2075481,2068801,2064716,2067127,2067459,2064284,2061527,2058549,2057009
  USA27: New Haven,,1718938,1727999,1738281,1741977,1744815,1746461,1751096,1760446,1770446,1782712,1791724,1799686,1802880,1807351,1805593,1802793,1801251,1801443
  USA28: Charlotte,,1348822,1379756,1410254,1444315,1491977,1555947,1621693,1675501,1712730,1736873,1766685,1801246,1837892,1874716,1915071,1959087,2001424,2038115
  USA29: Sacramento,,1866310,1923508,1970542,2008663,2034850,2057885,2082217,2108310,2132657,2153656,2172928,2190556,2211060,2236623,2264065,2292410,2320381,2345210
  USA30: Austin,,1330092,1356772,1385126,1419395,1462912,1525171,1587691,1643931,1692653,1738038,1791182,1845553,1894549,1954226,2013633,2073534,2126743,2180018
  USA31: Columbus,,1672404,1691723,1714318,1734455,1755872,1781562,1805957,1829497,1851552,1870320,1889926,1911172,1938119,1965849,1991587,2015956,2046481,2070508
  USA32: Milwaukee,,1507257,1514251,1519746,1522302,1522391,1523907,1530492,1538232,1549613,1556684,1561175,1567241,1571822,1575157,1576781,1576331,1575151,1576113
  USA33: Jacksonville,,1229318,1253878,1275927,1308043,1335478,1369992,1396616,1414006,1426640,1440937,1454028,1469291,1484769,1508074,1537162,1568132,1597863,1629078
  USA34: Salt Lake,,1253113,1268825,1284726,1303568,1327953,1360420,1390607,1417738,1444020,1469052,1490055,1512756,1537645,1558001,1579762,1608621,1637318,1661471
  USA35: Tampa-Pinellas,,1281503,1294767,1309504,1329953,1351270,1363711,1372203,1377771,1377937,1381910,1384808,1391288,1402876,1419982,1442454,1470666,1494326,1514910
  USA36: Jefferson (KY),,1228597,1237887,1250198,1261823,1273516,1288609,1304600,1319213,1329985,1340732,1349248,1357491,1369538,1376603,1382376,1389231,1397202,1402813
  USA37: Memphis,,1189558,1199526,1211138,1222128,1234572,1253672,1263617,1271697,1278348,1286431,1293315,1301412,1302652,1304029,1305104,1306677,1308914,1311917
  USA38: Davidson,,1090369,1101591,1115296,1133971,1155659,1183262,1208828,1231899,1251447,1267568,1284664,1307615,1331157,1355308,1379925,1403298,1423122,1442050
  USA39: Oklahoma,,1076914,1089490,1101293,1111580,1126442,1146670,1163439,1179772,1200450,1220401,1239671,1260438,1282444,1298522,1318970,1334996,1344025,1356710
  USA40: Hartford,,1158513,1169000,1179394,1182605,1187929,1193725,1198395,1204436,1209604,1214064,1215979,1215098,1214663,1213800,1211598,1208416,1206719,1206300
  USA41: Pittsburgh,,1475595,1468681,1462279,1451621,1440146,1432017,1428741,1428311,1429742,1431899,1436210,1439154,1441738,1441019,1436692,1434078,1427952,1425798
  USA42: New Orleans,,1323237,1333273,1343872,1356470,1365030,1018231,1074201,1113736,1145611,1173272,1192111,1205226,1217999,1227448,1238972,1246467,1249141,1249362
  USA43: Virginia Beach,,1080717,1092381,1098389,1118985,1121819,1134366,1130263,1129965,1134582,1145000,1151441,1160479,1165047,1171860,1177003,1180017,1182038,1185493
  USA44: Erie (NY),,1165067,1161678,1159918,1156070,1148563,1141712,1137678,1136364,1135377,1135622,1135456,1134590,1134993,1135116,1132909,1130013,1129660,1130152
  USA45: Fresno (Greater),,938602,958131,979931,998141,1012783,1027484,1042000,1057989,1070712,1083069,1091181,1096943,1103499,1114901,1124181,1132116,1142446,1152072
  USA46: Richmond (Greater),,947207,959959,973816,990053,1008413,1028760,1044874,1058354,1069568,1078313,1086537,1100086,1111615,1123930,1134818,1146734,1157730,1170325
  USA47: Wake,,784306,808495,831374,856391,890465,933759,977302,1018238,1050102,1076563,1101169,1126294,1151263,1178547,1207566,1239249,1268309,1294980
  USA48: Jefferson (AL),,997857,1001084,1008408,1014949,1022330,1034401,1041937,1051157,1058846,1062189,1064059,1067345,1072488,1075126,1078455,1081144,1083013,1085248
  USA49: Tampa-Hillsborough,,1028385,1054860,1077462,1108225,1143154,1171826,1184686,1196773,1214050,1233491,1271110,1281712,1293824,1317571,1348848,1380991,1410115,1436888
  USA50: Pima,,859280,874267,885893,901342,920298,940930,955869,967778,975580,981653,988407,993215,997437,1004675,1009737,1017624,1027502,1039073
  USA51: Tulsa,,906156,913546,916607,917335,922531,934118,947010,957509,970917,981129,987197,994065,1003362,1010903,1022406,1030277,1032579,1034904
  USA52: Albany,,928482,934228,942484,948599,953251,959602,962403,965700,968734,970516,971452,973078,975137,975819,976344,976521,978820,980115
  USA53: Providence,,971388,980042,985696,989070,983954,977966,974434,972498,970750,970763,970337,971399,971670,972667,972905,973866,973468,974773
  USA54: Albuquerque,,768420,784308,799068,816404,836755,858284,876899,890642,903545,916894,925471,929431,932569,932010,933595,936876,939792,942673
  USA55: Douglas (NE),,784039,791354,799829,810869,821925,832583,842196,852608,863686,875107,883324,891703,901004,910492,920114,930337,939169,949191
  USA56: Rochester (NY),,848877,850169,850394,850241,847303,847106,848051,849909,851781,852675,854189,854522,855166,853861,851151,848669,846656,846313
  USA57: Kern,,676574,694059,714272,736296,760726,784511,803281,818327,830137,841072,848140,853963,862557,869957,877197,882361,888988,896764
  USA58: Ventura,,766689,779489,788070,793994,794197,798183,800027,806353,815130,825130,830196,833801,838601,842946,846922,848921,850802,850967
  USA59: El Paso (TX),,692568,699844,708545,720997,731511,748254,759040,773304,790182,807127,823628,836273,835087,838300,837500,842260,845145,845553
  USA60: East Baton Rouge,,710731,715379,722274,729774,735507,771940,779796,787767,795897,804298,808240,813112,818814,823839,828211,833663,831182,831310
  USA61: Worcester,,761211,768490,774476,777855,781265,785345,788280,790847,795251,800401,804008,806949,810908,815620,818380,820631,825929,830839
  USA62: Hidalgo,,590067,610520,632475,653779,674982,695352,715264,736694,757468,779213,795741,808835,819374,830824,841061,850798,858323,865939
  USA63: Richland,,639934,646907,656987,671517,680029,695781,711129,726237,739723,749732,756297,763351,770816,778869,789057,797086,804686,812122
  USA64: Lehigh,,643504,649854,658775,668786,678883,689527,698399,704786,709086,713333,716725,718575,718880,721587,723613,727067,732212,737134
  USA65: Sarasota,,605988,620540,634862,653934,674757,685132,691735,695944,697973,703364,709772,720351,731930,747417,767429,788429,805139,821573
  USA66: Montgomery (OH),,705179,704707,704806,705155,703202,701470,699722,697779,696369,697180,698038,698621,698142,697155,696116,697178,698448,700326
  USA67: San Joaquin,,591207,609041,626778,642898,656985,662812,668080,671692,677736,687156,694388,699782,702387,711771,721929,732185,742516,752660
  USA68: Kent,,643307,647487,650749,653036,655831,658997,661637,662869,664933,666300,671729,678918,687170,694255,700068,706894,712775,717754
  USA69: Charleston,,556901,565179,573376,587231,598313,614463,628384,643613,655447,667440,681174,696795,711266,726837,745188,761482,775089,787643
  USA70: Onondaga,,650697,652241,655091,656149,655021,655321,656209,658913,660857,663108,662417,660897,661807,660134,657633,654205,651048,650502
  USA71: El Paso (CO),,557057,565688,569231,578345,587778,602532,609490,620644,630998,650373,660486,669321,678674,686696,697533,712723,725438,738939
  USA72: Ada,,513691,527041,538463,552330,572899,596510,616925,630148,638110,644989,653857,663801,675676,689003,700670,717689,736880,757685
  USA73: Hampden,,609075,612241,615294,615860,616530,617576,618276,619668,620687,623576,626264,627367,628626,630431,629998,629678,629506,631761
  USA74: Lee,,461037,478889,497662,522431,555029,582678,604716,610984,612297,620454,631031,644243,659920,677361,699530,722386,739506,754610
  USA75: Sedgwick,,542485,546993,548746,551016,554455,559723,566982,575256,584783,589148,590603,593438,595727,598318,600812,602981,603223,603368
  USA76: Polk,,498968,505489,512688,520564,530758,541934,552739,562861,571829,581445,590960,599541,610393,622042,632202,643909,654431,664832
  USA77: Dauphin,,534283,538682,542586,545649,549761,556375,561506,566710,571423,574727,576953,579671,582643,585692,589189,592196,595729,599363
  USA78: Lucas,,576868,576446,576604,575404,573922,571796,570767,569184,567987,567389,566410,565146,565149,563933,562891,562591,561565,560595
  USA79: Pulaski,,502382,506542,510337,516018,521992,530956,537825,545252,552896,559949,566020,570766,575598,579189,581376,583900,586163,587758
  USA80: Dane,,487912,495111,501683,508375,514457,520838,527841,534153,541448,546049,552644,559355,566362,572976,579519,587750,594016,599722
  USA81: Brevard,,486429,495425,504847,518722,529907,535138,539719,542378,542109,543972,544319,546978,550290,555598,565992,577338,588265,596849
  USA82: Summit,,544554,544866,545163,545037,545029,544660,544275,543116,542135,541646,541266,540705,541934,542462,541833,541095,541742,541918
  USA83: Hamilton (TN),,481798,485957,490089,494709,499564,506473,513100,518778,524082,529154,533601,538143,542202,544116,547295,551922,556081,560793
  USA84: Utah,,394059,405672,414780,425023,439623,457471,479181,497639,515010,530257,540969,549998,561594,571160,583191,601067,617751,633768
  USA85: Lancaster (PA),,475483,480118,485119,489977,494722,500922,506639,511957,516577,520322,523906,526869,530027,533320,535737,538069,541054,543557
  USA86: Stanislaus,,463761,477469,487357,492613,500020,504651,507834,509032,511536,515165,517614,520594,523722,528346,533534,539542,545267,549815
  USA87: Greene,,440906,446861,453787,462039,471142,482609,492650,499140,504111,507020,509831,513203,516778,519807,523682,526345,530877,535788
  USA88: Fayette,,442823,447006,453713,459221,466330,475223,481951,489812,496872,503001,508480,514912,520588,524701,531109,537104,542550,546699
  USA89: Spokane,,444852,449133,452945,457954,463146,470616,479487,485856,491848,495613,496880,498884,501549,506070,512125,520607,529870,538973
  USA90: Volusia-Daytona Beach,,451103,458248,466074,476845,486297,494748,498935,497366,494688,494445,494421,496537,500474,506786,516918,528747,538180,547538
  USA91: Guilford,,428381,432068,436327,440597,448192,458792,468466,477809,484180,489589,494891,500471,506401,512275,517414,525055,529496,533670
  USA92: Sonoma,,465293,465298,466489,466809,465938,465188,467356,473091,479479,484776,487423,490071,494243,498803,501346,503249,503246,499942
  USA93: Forsyth,,428523,433025,436155,440586,447380,456285,463942,470666,475282,478431,481329,483787,486682,489978,492777,496640,501433,504842
  USA94: Washoe,,391353,403279,415359,428842,442774,454193,464449,471048,473606,477999,479286,482260,486112,491635,498592,506860,515251,525572
  USA95: Ingham,,452051,455420,458376,461724,462743,463349,463804,463638,463147,464272,466566,467677,469209,471269,472839,476721,480353,481893
  USA96: Montgomery (AL),,427576,429133,430539,433070,436529,444181,448060,448870,450621,454350,454398,453215,452264,450857,450444,450718,450325,448964
  USA97: Knox,,404145,407896,412915,416960,422968,430681,438137,444484,448700,452063,455933,459858,463398,466879,470321,474875,480339,484977
  USA98: Greenville,,385780,390197,394242,399319,405608,415957,427970,438742,446655,452672,458817,465966,472938,481436,490860,498949,506552,514213
  USA99: Mahoning,,479255,475482,472585,469365,465628,462297,457749,453763,451340,448216,446144,442869,440715,438371,435240,432084,430324,428269
  USA100: Escambia,,419037,425006,428066,435466,439471,443378,443551,445392,446559,450947,455079,461586,467066,470620,475563,481429,487327,494883
  USA101: Caddo,,427116,427417,427702,431128,433597,440133,440741,442792,445093,450232,454171,457401,455849,453589,452818,450414,448150,444818
  USA102: Tulare,,373171,379568,388743,398226,407970,414921,422140,429283,436987,442994,446864,449975,452769,455602,457803,460023,463097,465861
  USA103: Newport News,,439476,440949,440779,443837,444893,445547,445041,442970,441958,441588,440307,440904,442350,443587,442828,441075,439940,439126
  USA104: York,,385773,389692,395093,401403,409066,418043,424919,429399,433022,435403,436643,437449,438936,440496,441800,443777,445722,448273
  USA105: Genesee,,438584,440062,441689,442534,442508,441164,438109,433082,427989,424951,421976,418167,415634,412868,410470,408901,407673,406892
  USA106: Jefferson (TX),,418388,418774,418969,420036,421050,414502,417944,421211,423329,425467,427075,425529,427064,427421,430470,432695,434139,431222
  USA107: Santa Barbara,,403164,405178,406810,407284,408079,408085,411243,415859,420356,424235,425481,429825,434823,439358,442522,444675,445606,446527
  USA108: Lafayette,,381329,384144,385980,388692,391723,401984,404781,408901,413000,416112,419019,421983,427061,432168,436723,438871,439039,438997
  USA109: Monterey,,407082,408977,409725,408731,405139,401831,402376,406022,410263,416396,420542,425000,427054,428980,431241,434767,435477,435594
  USA110: Mobile,,400129,398549,398082,397959,398942,402916,405715,409196,411994,413319,413242,413922,414210,414590,414935,415499,414515,413757
  USA111: Berks,,377487,381338,385846,390848,395933,401834,405223,407737,409904,412025,412966,413515,413935,414593,415193,415748,417524,420152
  USA112: Cameron,,342368,350194,358492,366299,373429,380169,386306,393000,400303,407654,413291,416098,417705,419467,420058,422137,423181,423908
  USA113: Bell,,336409,341231,342865,349745,357533,365460,380804,392237,395375,408276,412347,423508,423997,426499,432750,436744,443653,451679
  USA114: Nueces,,380360,383076,384072,388869,392747,396135,397235,399943,403971,404682,407706,413225,419136,423412,427742,429108,428237,429158
  USA115: Marion (OR),,351581,356668,360377,363708,368046,374317,379755,384075,388323,391496,393980,396138,398141,402269,408278,417284,424968,432102
  USA116: Allen,,365954,368402,371190,372757,375420,378911,382387,384311,386818,389295,392276,394220,396670,398646,400996,403271,405987,409425
  USA117: Scott,,374561,373740,372975,372740,372876,373762,375121,376467,378108,379753,380675,382455,383890,384137,383599,382563,381854,381451
  USA118: Stark,,377295,376867,376721,376663,376050,376180,376877,377141,376210,375365,374475,374876,375108,375565,374710,373449,372077,371574
  USA119: Tallahassee,,324386,327940,334289,339179,344257,350580,357357,361238,364690,369341,371196,375258,373189,375366,377671,378859,383467,385145
  USA120: Cumberland (NC),,339038,341482,339823,345748,343493,348725,350780,355712,362658,374691,379931,380443,384140,383971,384006,386273,385380,387094
  USA121: Lane,,324855,327506,330845,332327,335831,339926,344844,348176,350850,351923,354005,355081,355506,358076,362047,369061,375617,379611
  USA122: Winnebago (IL),,323229,325747,329472,332230,335903,341202,347503,349937,349766,349191,347766,345862,344761,342515,340828,339648,338252,337658
  USA123: Chatham,,297133,301644,304585,310553,314528,322065,329943,335185,344017,348635,355547,361723,365094,371283,377837,383161,386337,389494
  USA124: Vanderburgh,,329674,331067,333562,335508,337112,338978,340758,341945,343515,345347,346197,346958,347844,348620,348621,348869,348582,348124
  USA125: Washtenaw,,328749,332763,336154,339422,342234,344018,345310,341595,343520,345658,349676,352262,356015,360035,363109,366488,369208,370963
  USA126: Lubbock,,309716,312642,316502,318501,320572,324117,327004,329709,335663,341772,344968,347370,350984,355860,359368,362848,365239,367493
  USA127: Madison,,281517,286439,291342,295655,301474,309170,315859,323526,330856,336093,339527,342713,346633,349807,352989,356821,361665,366519
  USA128: Marion (FL),,264553,271716,280091,291164,303558,316310,325634,330052,330880,331340,332275,333900,335117,338057,342335,347767,353717,359977
  USA129: Peoria,,317124,317675,317304,318441,319788,321406,323322,324805,328027,327677,328422,329180,330620,328496,326307,324469,321426,318376
  USA130: Collier,,264240,275490,285321,296021,307452,312621,314437,316641,318485,322595,327632,332277,339065,347326,356107,365345,372345,378488
  USA131: Luzerne,,316665,315711,315640,315439,316187,316837,318232,319210,320527,320988,320960,321122,319631,319152,317978,317018,317624,317646
  USA132: Lancaster (NE),,285241,289082,293426,295974,299605,302927,306571,310306,313799,317180,320914,324747,328416,333955,337335,341777,345536,348940
  USA133: Thurston,,262719,267528,271850,276804,282221,289560,296451,304117,310269,313731,317191,319170,322263,325590,329047,335900,344090,351926
  USA134: Sebastian,,286867,288903,290752,292862,295757,300465,303829,305778,308150,310085,310588,310201,309167,308504,308791,309163,310208,310447
  USA135: Roanoke,,289547,290466,292082,293745,296405,299930,302858,305596,307816,308593,309106,310542,311879,312762,313205,312828,313488,314172
  USA136: Muscogee,,295679,297571,291137,297196,298859,301715,298991,299698,305809,309457,315243,322673,327801,325253,322708,318960,315872,317922
  USA137: Brown,,285783,288713,291169,294570,296800,298702,301190,302468,304686,306758,308594,310602,311969,314044,315694,317394,319786,321591
  USA138: Alachua,,271119,275080,278563,282648,287912,295176,299499,302494,304366,305335,306947,308231,308888,311788,316145,321714,324991,328982
  USA139: Larimer,,260541,265372,268448,271510,275116,280713,286112,291650,296696,300450,305237,310856,316258,324061,333309,338926,343993,350518
  USA140: Boulder,,277597,279468,278768,279728,280241,284243,287428,290859,293190,295774,300897,305565,310247,313298,319175,322527,324073,326078
  USA141: Potter,,261846,263513,265973,268048,270499,272733,274601,276111,279237,282807,285796,287690,288585,290350,291098,292327,293798,294607
  USA142: Cumberland (ME),,268391,270533,273041,274920,276275,277084,278781,280681,281969,281458,282663,283624,285570,288137,289544,291138,292344,293557
  USA143: Erie (PA),,280647,280379,280153,277864,277211,278389,278573,278686,279838,280797,281296,281523,280724,279437,278182,276289,273892,272061
  USA144: St. Lucie,,198459,205796,214924,228548,241965,255251,266860,273151,274344,278270,280420,282974,285370,290146,297442,305837,313400,321128
  USA145: Nashville ,,202891,209483,216503,224828,234471,246527,257388,266387,272901,277500,282740,287945,294767,302315,311692,321319,330845,339352
  USA146: Atlantic City,,255737,259263,263285,267723,270332,271759,272303,273014,274049,274649,274606,274651,274369,272656,270471,267813,266328,265429
  USA147: McLennan,,250717,252135,254477,257290,258774,260443,262530,264674,267445,272084,273962,275094,276599,278153,280622,282974,286868,290633
  USA148: Durham,,228978,233505,235570,238376,241785,246929,252796,259356,265356,271354,276543,282668,288759,295199,300755,307705,311888,316739
  USA149: Lackawanna,,260686,260310,260707,261284,262714,264626,265854,265736,266690,267376,267094,266426,265937,264903,263716,262405,261855,262069
  USA150: St. Joseph,,265502,265090,264762,264541,264863,265496,266045,267282,266827,266809,266696,266496,266984,267749,268203,269484,269994,270771
  USA151: Santa Cruz,,256045,254531,253021,252356,251377,251616,253304,256520,260009,263167,264882,266416,268940,271035,273730,274702,275105,274255
  USA152: Webb,,206281,212099,217955,224180,230245,235856,241269,246940,252679,258305,262982,267880,272081,275218,277770,280131,281549,283441
  USA153: Minnehaha,,219654,222315,225618,230035,234344,239219,244637,249530,253571,256817,259916,264756,269352,273661,277692,282507,288311,293457
  USA154: Merced,,218816,225351,231735,237180,242554,245338,248540,250538,252302,256732,259333,260971,262198,264649,266651,267971,271340,274765
  USA155: Benton (WA),,196420,202688,209043,213854,219086,224149,229255,237348,245600,255548,263494,268120,270856,274285,279095,283967,290570,296224
  USA156: Weld,,192278,202234,208858,215322,222879,230703,237692,243442,248193,254198,258783,264058,270126,276037,285033,294965,305274,314305
  USA157: Kalamazoo,,240080,241937,243834,242505,243259,244178,245431,246862,249023,250746,252572,255342,257317,258962,259716,261317,263001,264870
  USA158: Butte,,232643,235771,238497,240187,242145,244476,245244,247053,247877,248071,248096,248733,249490,251427,252588,254380,257163,259303
  USA160: Yakima,,222757,223402,225161,227280,228570,230617,232733,235272,239604,244269,245950,246207,246612,247046,248065,249691,250377,251446
  USA161: Brazos,,201995,204813,209223,212520,216636,222278,226353,231998,238597,243189,245145,247888,251659,256757,264735,268947,273080,276853
  USA162: Tuscaloosa,,215558,216258,217173,218791,222220,227299,230142,233663,237813,239485,240336,242316,244385,247012,249039,250241,251018,251808
  USA164: Linn,,219891,221816,222866,224495,226660,228846,231906,234655,236334,237743,240252,241287,242176,243747,245812,247714,249910,251551
  USA165: Lafayette (IN),,214610,215619,217270,218581,221510,225515,228465,231427,233881,235367,237813,240920,243606,245908,247903,251359,252700,254224
  USA167: Weber,,200073,203045,205319,207794,210150,212656,217567,223676,228118,232139,233832,236264,238093,240212,242963,247253,251866,256359
  USA169: Cass,,191350,193185,195691,200428,203151,207073,210696,214810,219601,222879,226584,230787,236450,240838,245856,250105,254526,258200
  USA170: Benton (AR),,159258,164926,171742,179010,186756,195569,203664,210807,216620,222592,229154,234949,239485,244882,251673,259234,266504,272608
